ID,Name,Documentation URL,Source,Notes,Comments - Ivano,Comments - Federico
T1,MagicDraw,https://docs.nomagic.com/display/MD190/Collaborative+modeling,S1,Fully-fledged modeling environment with support for collaboration,,
T2,IBM Rational Software Architect,https://www.ibm.com/docs/en/rational-soft-arch/9.7.0,S1,Focus on software architectures and designs,,
T3,4everedit,https://wwwbroy.in.tum.de/publ/papers/mrs06edit.pdf,S1,"It is a research product, not a maintained tool",, 
T4,Odyssey-VCS,https://dl.acm.org/doi/10.1145/1109128.1109129,S1,"It is a research product, not a maintained  tool",,
T5,CoObRA (based on Fujaba),https://digital-library.theiet.org/content/conferences/10.1049/ic_20040206,S1,"It is a research product, not a maintained  tool",,
T6,Eclipse EMF,https://www.eclipse.org/modeling/emf/docs/,S1,Language workbench (for sure out of scope),,
T7,Eclipse GEF,https://github.com/eclipse/gef/wiki,S1,EMF-based graphical framework (for sure out of scope),,
T8,Flexisketch,https://www.ifi.uzh.ch/en/rerg/research/flexiblemodeling/flexisketch.html ,S2,Model-based sketching,,
T9,Electronic cocktail Napkin,http://mdgross.net/portfolio/electronic-cocktail-napkin/,S2,http://papers.cumincad.org/data/works/att/08af.content.pdf,,
T10,Calico,https://github.com/excalidraw/excalidraw,S2,,,
T11,Rosetta,https://new.rosettacommons.org/docs/latest/Home,S3,Tool to design UML,,
T12,Cedar studio,NOT FOUND,S4,,,
T13,MASP,https://www.w3.org/2005/Incubator/model-based-ui/XGR-mbui-20100504/,S4,Model based UI tool,,
T14,Leonardi,https://marketplace.eclipse.org/content/leonardi-rad-solution-business-apps,S4,Graphical design tool (Possibility of being out of scope),,
T15,GrafiXML,NOT FOUND,S4,Graphical tool design user interface,,
T16,UsiComp,http://iihm.imag.fr/en/demo/,S4,Allow to create models,,
T17,WebRatio,https://my.webratio.com/learn/content?nav=65&link=oln208a.redirect&so=pcu1a,S4,Web-app modelling,,
T18,Xplain,NOTFOUND,S4,,,
T19,ModelBus,https://www.modelbus.org/en/modelbusdocumentation.html,S5,"Model driven, allows collaboration",,
T20,Modelware,https://cordis.europa.eu/article/id/97188-modelware-a-new-approach-to-modeldriven-development,S5,,,
T21,Lotus Notes,https://www.ibm.com/docs/en/notes/8.5.3?topic=help-welcome-lotus-notes,S6,IBM collaboration,,Owned now by our friend at HCL :)
T22,xoProcessWiki,,S6,,,
T23,GenMyModel,https://help.genmymodel.com/en/support/home,S7,"Online modelling tool, allows collaboration",,
T24,Protege,https://protege.stanford.edu/support.php,S8,Ontology editor(Seems out of scope),,
T25,TopBriad,https://www.w3.org/wiki/TopBraid,S8,RDF schema and ontology editor(The website is discontinued),,
T26,Objecteering Teamwork,https://www.modeliosoft.com/en/,S8,Part of modelio,,
T27,CAMEL,https://camel-dsl.org/documentation/,S9,The Cloud Application Modelling and Execution Language,,
T28,Papyrus,https://www.eclipse.org/papyrus/documentation.html,S9,Modelling environment,,
T29,NetMeeting,Discontinued by microsoft,S9,VoIP and multi-point videoconferencing tool,,no modelling
T30,SLIM,https://github.com/MesserLab/SLiM,S10,evolutionary simulation framework(might be out of scope),,no modelling
T31,SourceForge,,S10,,,no modelling
T32,CodeBeamer,https://codebeamer.com/cb/wiki/2732969,S10,Collaborative application lifecycle management,,
T33,Poseidon,https://www.poseidon-project.org/understanding-the-poseidon-development-framework/,S10,Used for prototype design,,
T34,WebEx,https://www.webex.com/,S10,Renowned video conferencing app by cisco,,no modelling
T35,Adobe connect,https://www.adobe.com/products/adobeconnect/resource-hub-main.html,S10,collaborative virtual sessions,,no modelling
T36,GEMSjax,NOT found,S11,Graphical modelling view for the Eclipse modeling framework,,no modelling
T37,Generic eclipse modelling system,,S11,,,
T38,SLIM,,S11,,,
T39,COMA,https://breibakk.no/coma/index.htm,S11,Model based security analysis,,
T40,Blue Age,https://www.omg.org/mda/mda_files/Blu_Age_datasheet_en.pdf,S11,Agile model driven development,,
T41,Metaedit+,https://www.metacase.com/support/,S12,Domain specific modelling,,
T42,metaCASE,https://www.metacase.com/support/,S12,,,"out of scope (the tool is in T42, this is the company)"
T43,CSCW tools,https://github.com/maryi/CSCW-Project/blob/master/Project%20report/ReportDocument.md,S12,,,
T44,WebGME,https://github.com/webgme/webgme/wiki,S13,"DSML based, allow collaboration",,
T45,MIC toolsuite,https://www.isis.vanderbilt.edu/research/MIC,S13,Model integrated computing,,
T46,CAMEL,,S13,,,
T47,AtoMPM,https://atompm.github.io/#media,S13,"DSML based,",,
T48,AMOR,https://managementmodellensite.nl/amor-model/,S13,,,
T49,Lucid charts,https://lucidchart.zendesk.com/hc/en-us/categories/360001743232-Using-Lucidchart,S13,"Popular modelling framework,enables collaboration",,
T50,CircuitLab,https://ultimateelectronicsbook.com/,S13,,,
T51,Webratio tool,https://my.webratio.com/learn/content?nav=65&link=oln208a.redirect&so=pcu1a,S14,,,
T52,WEKMU,https://www.researchgate.net/publication/262242359_Distributed_Collaborative_Modeling_Support_System_for_UML_diagrams,S15,Research paper,,
T53,ArgoUML,https://argouml-tigris-org.github.io/tigris/argouml/,S15,,,
T54,Poseidon,https://carrknight.github.io/poseidon/tutorial/basic-model-operation.html,S15,,,
T55,Rational Rose,https://www.ibm.com/mysupport/s/topic/0TO50000000IVnyGAG/rational-rose?language=en_US,S15,,,
T56,Atom,https://atom.io/docs,S16,,,
T57,DSL Tools,,S16,,,
T58,EMF,,S16,,,
T59,GME,,S16,,,
T60,Metaedit+,,S16,"Kelly, S., Lyytinen, K., Rossi, M.: MetaEdit+ A fully configurable multi-user and multi- tool CASE and CAME environment. In: Conference on Advanced Information Systems Engineering. Volume 1080 of LNCS., Crete, Springer-Verlag (may 1996) 1–21",,
T61,VMTS,,S16,,,
T62,ATL,,S16,EMF Plugin framework based,,no collaboration
T63,Epsilon,,S16,EMF Plugin framework based,,no collaboration
T64,Xtext,,S16,EMF Plugin framework based,,no collaboration
T65,VIATRA,,S16,EMF Plugin framework based,,
T66,AtomPM,,S16,Paper introduces this tool (Successor to atom),,
T67,Modelshare,,S16,,,
T68,SCXML,,S16,,,
T69,EOL,,S16,"Kolovos, D., Paige, R., Polack, F.: The Epsilon Object Language (EOL). In: ECMDA-FA’06. Volume 4066 of LNCS., Springer (2006) 128–142",,out of scope (language)
T70,Codesign,,S17,Software modelling framework,,
T71,FASTDash,,S17,,,
T72,CAMEL,,S17,,,
T73,GME,https://www.isis.vanderbilt.edu/Projects/gme,S17,,,
T74,Drool,https://www.drools.org/,S17,,,
T75,Jess,http://www.jessrules.com/,S17,Rule engine,,
T76,CE4WEB,,S18,Cooperative case tool,,
T77,CO2DE,,S18,,,
T78,PoseidonUML,,S18,,,
T79,Konesa,,S18,,,
T80,CO2DE,,S18,,,
T81,Tatami,,S18,,,
T82,Quill,,S19,Collaborative model based,,
T83,MBUI,,S19,An environment,,
T84,Gummy,,S19,,,
T85,MAQETTA,,S19,,,
T86,ArgoUML,,S19,,,
T87,Dia,,S19,,,
T88,Visio,,S19,,,
T89,Visual Paradigm,,S19,,,
T90,Balsamiq,,S19,,,
T91,Justinmind,,S19,,,
T92,Sketchflow,,S19,,,
T93,Assisi Gui Designer,,S19,"Aquino, N., Vanderdonckt, J., Panach, I., and Pastor, O. Conceptual Modelling of Interaction. In Handbook of Conceptual Modelling: Theory, Practice, and Research Challenges, Embley, D. Thalheim,",,
T94,SYSIPHUS,,S20,"a distributed environment providing a uniform framework for system models, collaboration artifacts, and organizational models.",,
T95,RAT,,S20,"rich client, provides a graphical user interface for creating models and diagrams,",,
T96,IBM Rational XDE,,S20,Case tool,,
T97,togetherJ,,S20,,,
T98,REQuest,,S20,,,
T99,EasyWinWin,,S20,,,
T100,ADAMS,,S20,,,
T101,IBIS,,S20,,,
T102,HyperCode,,S20,,,
T103,Unicase,,S21,,,
T104,IBM rationale Software architect,,S21,,,
T105,IBM requisitepro,,S21,,,
T106,Telelogic doors,,S21,,,requirements engineering
T107,Borland Caliber,,S21,,,
T108,Microsoft team foundation Server,,S21,,,no modelling
T109,IBM Jazz,,S21,,,
T110,SEURAT,Research prototype,S21,,,
T111,Meta case,,S21,,,
T112,Moflon,,S21,,,out of scope (language)
T113,ECORE,MOF,S21,,,
T114,Teneo,Object relational database mapping,S21,,,
T115,EMF store,,S21,,,out of scope
T116,OMG,Unified modelling langgauge specification version,S21,,,out of scope
T117,ADAMS Re-trace,,S21,"A. Lucia, R. Oliveto, G. Tortora, ADAMS Re-Trace: Traceability Link Recovery via Latent Semantic Indexing, In Proceedings of International Conference on Software Engineering, p. 839 ff, May 2008, Leipzig",,
T118,S22 Proposes newarchitecture like git,,,,,
T119,AMOR,Like GIT VCS,S22,,,
T120,This paper proposes a framework for synchronous and asynchronous concurrent and collaborative modeling.,,S23,,,
T121,DISCOM,,S23,,,
T122,CellML Model Repositories Project.,,S23,,,
T123,ACM,,S23,"R. Paige, P. Brooke, and J. Ostroff. Metamodel-based model conformance and multiview consistency checking. ACM Trans. Softw. Eng. Methodol., 2007.",,out of scope
T124,CoMBM,Collaborative business modelling,S24,,,
T125,DiCoMEF.,Distributed collaborative modelling system,S24,,,
T126,CAISE: proposed an architecture,,S25,,,out of scope
T127,GroupCRC,,S25,,,
T128,Libra-on-Chat,,S26,"distributed synchronous collaborative modeling support system for UML diagrams,",,
T129,D-UML,,S26,,,
T130,JSDT,,S26,Java Shared Data toolkit,,
T131,D-Meeting,,S26,,,no modelling
T132,GroupUML,Presented a prototype activity-based model,S27,,,
T133,Teamspace,,S27,,,
T134,Flecse,,S27,,,
T135,CASCADE,,S27,,,
T136,CEDTS,,S27,,,
T137,OOWB,,S27,,,
T138,CoConut,,S27,,,
T139,CSCW,A technique (computer Supported cooperative work),S27,,,
T140,GroupUML,,S27,,,
T141,EMF store,,S28,,,out of scope
T142,Skype,,S28,,,no modelling
T143,Google drive,Provides real time API,S28,,,no modelling
T144,Apple’s iWork,,S28,,,no modelling
T145,Mircosoft office 365,,S28,,,
T146,Dropbox,,S28,,,no modelling
T147,Firebase,,S28,,,
T148,Splash,,S28,"Maximilian Koegel, Helmut Naughton, Jonas Helming, and Markus Herrmannsdoerfer. Collaborative model merging. In Proceedings of SPLASH,",,
T149,ArgoUML,,S29,,,
T150,CoArgoUML,,S29,,,
T151,GroupKit,,S29,,,
T152,Coast,,S29,,,
T153,MAUI,,S29,,,
T154,Microsoft Netmeeting,,S29,,,no modelling
T155,Sun Forum,,S29,,,no modelling
T156,SharedX,,S29,,,no modelling
T157,JAMM,Java Applets Made Multi-user,S29,,,no modelling
T158,GEF,Graphic edited framework,S29,,,
T159,ARIS-EPC,Language,S30,,,
T160,FMC-Petri nets,Language,S30,,,
T161,UML,Language,S30,,,
T162,DEMO,Language,S30,,,
T163,COMA,Main content,S30,,,
T164,BPM,"BPMN Diagram: usiness Process Modeling Notation,",S31,,,
T165,Netsketcher,,S31,,,
T166,BigAgi,,S31,,,
T167,Smartdraw,,S31,,,
T168,WfMC,Workflow management coailtion,S31,,,
T169,Collect-UML,,S32,,,
T170,EPSILON,,S32,,"This is like AMMA, it's a family of technologies.",out of scope
T171,SHERLOCK 2,,S32,,,
T172,LeCS,,S32,,,
T173,COLER,socio-cognitive conflict theory,S32,,,
T174,WETAS,,S32,,,
T175,AllegroServe,a Web application server.,S32,,,
T176,NORMIT,a Web-enabled tutor for database normalization. I,S32,,,
T177,metaCase,,S33,,,see previous
T178,Atom3,,S33,,,
T179,MetaDone,,S33,,,
T180,Metaedit+,,S33,,,
T181,DiCoMEF.,,S33,,,
T182,D-Praxis,,S33,,,
T183,CVS,Version control system,S33,,,
T184,SVN,Version control system,S33,,,
T185,Git,Version control system,S33,,,
T186,ModelioSoft,,S33,,Its name is Modelio,
T187,Eclipse GMF,http://wiki.eclipse.org/Graphical_Modeling_Framework,S33,,Duplicate of GMF,language
T188,UML 2.0,"UML 2.0 superstructure, OMG Uniﬁed Modeling Language (OMG UML), Superstructure, OMG, formal/2011-08-06, 2011.",S33,,,language
T189,STEVE,Synchronous collaborative modelling Tool Enhanced with VErsioning management,S34,,,
T190,ADAMS,ADvanced Artefact Management System,S34,,,
T191,FLECSE,,S34,,,
T192,C-SPE,,S34,,,
T193,REDUCE,REal-time Distributed Unconstrained Cooperative Editing,S34,,,
T194,Grace,,S34,,,
T195,Rosetta,,S34,,,
T196,Borland Togeter,,S34,,,
T197,Magic Draw,,S34,,,
T198,DargoUML,,S34,,,
T199,Poseidon,,S34,,,
T200,Konesa,,S34,,,
T201,Cittara,,S34,,,
T202,D-Meeting,,S34,,,
T203,Odyssey-VCS,,S34,,,
T204,Q++,,S35,,,
T205,OMG MOF,,S35,,Duplicate of T234. Remove,out of scope
T206,D-Praxis,,S36,,,
T207,OMG,OMG. Meta Object Facility (MOF) 2.0 Core Speciﬁcation (Januray 2006,S36,,,out of scope
T208,C-Praxis,,S37,,,
T209,Telex,,S37,,,
T210,ADAMS,,S38,,,
T211,ArgoUML,,S38,,,
T212,ArgoEclipse,,S38,,,
T213,Odyssey-VCS,,S38,,,
T214,MagicDraw,,S38,,,
T215,XMI,"XML Metadata Interchange, URL: http://www.omg.org/technology/documents/formal/ xmi.htm.",S38,,Duplicate of T271,
T216,Cool modes,Cooperating modelling tool,S39,,,
T217,Synergo,,S39,,,
T218,DomoSim-TPC,,S39,,,
T219,Co-lab,,S39,,,
T220,Netsektch,,S39,,,
T221,Visio,,S39,,,
T222,MOFScript,Epsilon set of language,S39,,,
T223,Planedit,,S39,,,
T224,Collece,,S39,,,
T225,Amentities,,S39,,,
T226,Ciam,,S39,,,
T227,CSCW Systems,,S40,,,
T228,SPACE-DESIGN,,S40,,,
T229,Amentities,,S40,,,
T230,Co-Lab,,S40,,,
T231,X-Chips,,S40,,,
T232,CoolModes,,S40,,,
T233,Synergo,,S40,,,
T234,OMG,Object Management group,S40,,"This is just the group creating standards, remove it from here.",out of scope
T235,MOFMeta object facility,,S40,,"This is not a technology, remove.",out of scope
T236,WETAS,Intelligent tutoring system,S40,,,
T237,Pounamu,,S41,,,
T238,Metaedit+,,S41,,,
T239,Meta-Moose,,S41,,,
T240,Escalante,,S41,,,
T241,DiaGen,,S41,,,
T242,GMF,,S41,,,
T243,DSL Tools,,S41,,,
T244,MVC,,S41,,,
T245,Unidraw,,S41,,,
T246,HotDoc,,S41,,,
T247,GEF,,S41,,,
T248,TCL/TK,,S41,,,
T249,Amulet,,S41,,,
T250,Jcomposer,,S41,,,
T251,PROGRES,,S41,,,
T252,Vispro,,S41,,,
T253,KOOGE,,S41,,,
T254,MOOT,,S41,,,
T255,IPSEN,,S41,,,
T256,GMF,,S41,,,
T257,Tiger,,S41,,,
T258,MS DSL,,S41,,,
T259,MILOS,,S41,,,
T260,BSCW,,S41,,,
T261,Web-Casre,,S41,,,
T262,CHIME,,S41,,,
T263,NutCASE,,S41,,,
T264,Cliki,,S41,,,
T265,Odyssey-SCM,,S42,,,
T266,Rational Clearcase,,S42,,,
T267,Odyssey-VCS,,S42,,,
T268,Odyssey-CCS,,S42,,,
T269,Poseidon,,S42,,,
T270,Enterprise Architect,,S42,,,
T271,XMI,http://www.omg.org/technology/documents/formal/xmi.htm,S42,,,language
T272,Distributed Knight,,S43,,,
T273,Crystal Family,,S43,,,
T274,Extreme Programming,,S43,,,
T275,Tcl/Tk,"J.K. Ousterhout. Tcl and the Tk Toolkit. Addison- Wesley, 1994.",S43,,,
T276,Cittera,http: //www.canyonblue.com,S43,,,
T277,OMG XML,,S43,,This is a file format.,language
T278,COMA,,S44,,,
T279,CoMoMod,,S44,,,
T280,ARIS,,S44,,,
T281,Hyperwave,,S45,,,
T282,InterPROM,,S45,,,
T283,BP-MoKi,,S45,,,
T284,RosettaNet,,S45,,,
T285,DOLCE,,S45,,,
T286,SUPER,,S45,,,
T287,AMOR,,S46,,,
T288,ModelBus,,S46,,,
T289,EMF Compare,"Eclipse Foundation, “EMF Compare,” July 2010, http://wiki. eclipse.org/index.php/EMF Compare. Accessed on Jan 05, 2011",S46,,,
T290,UMLDiff,"Z. Xing and E. Stroulia, “UMLDiff: An Algorithm for Object–Oriented Design Differencing,” in ASE ’05: Proceed- ings of the 20th IEEE/ACM international Conference on Automated Software Engineering. New York, NY, USA: ACM, 2005, pp. 54–65.",S46,,,
T291,Unicase,,S46,,,
T292,iRM,,S46,,,
T293,MOFLON,,S46,,,language
T294,ModelBus,,S46,,,
T295,AMMA,,S46,,"This is a family of technologies (includes ATL, AMW, and some others)",
T296,ATL,,S46,,,no collab
T297,Eclipse MDT,,S46,,,
T298,MagicDraw,,S46,,,
T299,COPE,,S46,,,
T300,EMF Refactor,,S46,,,
T301,DOORS,"IBM, “Rational DOORS,” http://www-01.ibm.com/software/ awdtools/doors/. Accessed on May 17, 2010.",S46,,,
T302,Move,(Model Versioning and Evolution,S46,,,
T303,microTool,"micro TOOL, “in–Step,” http://www.microtool.de/instep/. Ac- cessed on May 17, 2010.",S46,,,
T304,FLAME,,S47,,,
T305,GME,,S47,,,
T306,XTEAM,,S47,,,
T307,Prism-MW,,S47,,,
T308,SLIM,,S48,,,
T309,DAWN,,S48,,,
T310,SpacEclipse,,S48,,,
T311,LexWiki,,S48,,,
T312,OntoWiki,,S48,,,
T313,SyncMeta,,S49,,,
T314,Atom,,S49,,,
T315,ADOxx,,S49,,,
T316,MOF,,S49,,,
T317,Diameta,,S49,,,
T318,Tiger,,S49,,,
T319,TWICE,,S49,,,
T320,Metaedit+,,S49,,,
T321,Atom,,S49,,,
T322,Sirius,,S49,,,
T323,CO2DE,,S49,,,
T324,Multiview,,S49,,,
T325,ARIS,,S49,,,
T326,Zachmann framework,,S49,,,
T327,Archimate,,S49,,,
T328,MONDO,,S50,,,
T329,AtomPM,,S50,,,
T330,GenMyModel,,S50,,,
T331,Google docs,,S50,,,
T332,WebGME,,S50,,,
T333,Web modelling framework,,S50,,,
T334,Metaedit+,,S50,,,
T335,Eclipse RAP,,S50,,,
T336,ModelioSoft,,S50,,,
T337,Sirius,,S50,,,
T338,Tiger,,S50,,,
T339,GMF,,S50,,,
T340,Eugenia,,S50,,,
T341,Spray,,S50,,,
T342,Graphiti,,S50,,,
T343,WebGME,,S50,,,
T344,DSL-tao,,S50,,,
T345,CEVINEDIT,,S50,,,
T346,NeoEMF,Model persistent framework,S50,,,
T347,Morsa,Model persistent framework,S50,,,
T348,MongoEMF,Model persistent framework,S50,,,
T349,EMF-Fragments,Model persistent framework,S50,,,
T350,EMF Store,,S50,,,out of scope
T351,Metaedit+,,S50,,,
T352,VirtualEMF,,S50,,,
T353,Obeo designer team,,S50,,,
T354,MDEforge,,S50,,,
T355,Obeo designer team,,S50,,,
T356,Polarsys chess,,S50,,,
T357,Papyrus,,S50,,,
T358,OpenCert,,S50,,,
T359,vehicleFORGE,,S50,,,
T360,Eclipse RAP team,,S50,,,
T361,AtomPM,,S51,,,
T362,Modelverse,,S51,,,
T363,WebGME,,S51,,,
T364,Gallardo,,S51,,,
T365,MDEForge,,S51,,,
T366,CrowdUI,,S52,,,
T367,Gambit,,S52,,,
T368,Appartition,,S52,,,
T369,SketchExpress,,S52,,,
T370,Quill,,S52,,,
T371,Akiki,,S52,,,
T372,CrowdDesign,Need more data,S52,,,
T373,CrowdStudy,Need more data,S52,,,
T374,CrowdAdapt,Need more data,S52,,,
T375,CrowdCrit,Need more data,S52,,,
T376,SerVCS,,S53,,,
T377,Mercurial,,S53,,,
T378,Git,,S53,,,
T379,EMFStore,,S53,,,out of scope
T380,Smover,,S53,,,
T381,UniSer,Validation,S53,,,
T382,SemVersion,"Völkel, M., Groza, T.: SemVersion: an RDF-based ontology versioning system. In: IADIS International Conference on WWW/Internet (IADIS), IADIS, pp. 195–202 (2006)",S53,,,
T383,Models,"Cicchetti, A., Ruscio, D.D., Pierantonio, A.: Managing model conﬂicts in dis- tributed development. In: 11th International Conference on Model Driven Engi- neering Languages and Systems (MoDELS), pp. 311–325 (2008)",S53,,,
T384,Trac,,S54,,,
T385,JIRA,,S54,,,
T386,Collaboro,,S54,,,
T387,GMF,,S54,,,
T388,Xtext,,S54,,,
T389,MoDisco,,S54,,,
T390,CASLO,Decision Algorithms,S54,"Padrón CL, Dodero JM, Lanchas J. 2005. CASLO: collaborative annotation service for learning objects. Learning Technology Newsletter 7(2):2–6.",,
T391,HERMES,Decision Algorithms,S54,,,
T392,MARS,"Javed F, Mernik M, Gray J, Bryant BR. 2008. MARS: a metamodel recovery system using grammar inference. Information and Software Technology 50(9–10):948–968 DOI 10.1016/j.infsof.2007.08.003.",S54,,,
T393,Flexitools,"Kuhrmann M. 2011. User assistance during domain-specific language design. In: FlexiTools Workshop, Waikiki, Honolulu.",S54,,,
T394,DSL-Comet,,S55,,,
T395,Lucid charts,,S55,,,
T396,DrawExpress,,S55,,,
T397,Syncspace,,S55,,,
T398,Ideament,,S55,,,
T399,CellML Model Repositories Project.,,S55,,,
T400,Flexisketch,,S55,,,
T401,Pounamu,,S55,,,
T402,Sirius,,S55,,,
T403,Open API,,S55,,,
T404,CEL,"R. Lemma, M. Lanza, and F. Olivero, “CEL: modeling everywhere,” in ICSE. IEEE / ACM, 2013, pp. 1323–1326.",S55,,,
T405,CMSPEM,,S56,,,
T406,OMG,,S56,,,out of scope
T407,GALAXY ANR,,S56,,,
T408,SPEM,,S56,,,
T409,SPEM4MDE,,S56,,,
T410,COMA,,S57,,,
T411,LinTra framework,,S58,,,
T412,Protégé,,S59,,,
T413,WebProtégé,,S59,,,
T414,VPository,,S59,,,
T415,HAMSTERS,,S59,,,
T416,CTTE,,S59,,,
T417,FlexiLab,,S59,,,
T418,SPACE-DESIGN,"Gallardo, J., Molina, A., Bravo, C., Gallego, F.: A system for collaborative building of use case models: communication analysis and experiences - experiences of use and lessons learned from the use of the SPACE-DESIGN tool in the domain of use case diagrams. In: Proceedings of the 9th International Conference on Evaluation of Novel Approaches to Software Engineering (ENASE 2014), pp. 59–68 (2014)",S59,,,
T419,NetMeeting,,S59,,,
T420,Quill,,S59,,,
T421,Collaborative CTT,,S59,,,
T422,MARIAE,,S59,,,
T423,TestMEReq,,S60,,,
T424,Flexisketch,,S60,,,
T425,Stakerare,,S60,,,
T426,CoreVDO,,S60,,,
T427,NetMeeting,,S60,,,
T428,BPMN Modelling,"S.A. White, D. Miers, BPMN Modeling and Reference Guide: Understanding and Using BPMN, Future Strategies Inc., 2008",S61,,,
T429,Vennix,,S61,,,
T430,Franco,,S61,,,
T431,Rouwette,,S61,,,
T432,LucidChart,,S62,,,
T433,GenMyModel,,S62,,,
T434,MetaEdit+,,S62,,,
T435,EMFStore,,S62,,,out of scope
T436,Modelio Constellation,,S62,,,
T437,DiCoMEF,,S62,,,
T438,Eclipse CDO,,S62,,,
T439,Morsa,,S62,,,
T440,Eclipse Stack,,S63,,,
T441,MetaEdit+,,S63,,,
T442,PACAS,Collaborative modelling platform,S63,,,
T443,GenMyModel,,S64,,,
T444,AtomPM,,S64,,,
T445,MetaEdit+,,S64,,,
T446,Visual Paradigm,,S64,,,
T447,Touch Core Tool,,S64,,,
T448,Git,,S64,,,
T449,Slack,,S64,,,
T450,Overleaf,,S64,,,
T451,Google Docs,,S64,,,
T452,Mircosoft office 365,,S64,,,
T453,Connected Data objects,A distributed shared model repository http://www.eclipse.org/cdo/,S64,,,
T454,Camel,,S64,,,
T455,GEMSjax,,S64,,,
T456,Unicase,,S64,,,
T457,WebGme,,S64,,,
T458,MagicDraw,,S64,,,
T459,EMFStore,,S64,,,
T460,Visual Paradigm,,S64,,,
T461,C-SAMT,,S65,,,
T462,IBM Rational Software Architect,,S65,,,
T463,C-PMS,,S65,,,
T464,Borland Together,,S65,,,
T465,COMA,,S65,,,
T466,CoID SPA,,S65,,,
T467,COMMA,,S65,,,
T468,IBM RSA,,S65,,,
T469,AtoMPM,,S66,,,
T470,WebGME,,S66,,,
T471,GEMNOC Studio,,S66,,,
T472,MDEForge,,S66,,,
T473,Flexisketch,,S67,,,
T474,MetaEdit+,,S67,,,
T475,SUMLOW,,S67,,,
T476,Tahuti,,S67,,,
T477,SketchREAD,,S67,,,
T478,Scribble,,S67,,,
T479,Calico,,S67,,,
T480,Sketch for Eclipse,,S67,,,
T481,AugIR,,S67,,,
T482,BITKit,,S67,,,
T483,InkKit,,S67,,,
T484,MetaBuilder,Metabuilding,S67,,,
T485,MetaEdit+,,S67,,,
T486,DiaMeta,,S67,,,
T487,Maramasketch,,S67,,,
T488,Electronic cocktail Napkin,,S67,,,
T489,Collaboro,,S67,,,
T490,Muddles,,S67,,,
T491,JSMF,,S67,,,
T492,Maramasketch,,S67,,,
T493,MiW,,S68,,,
T494,WebGME,,S68,,,
T495,GROMACS,,S68,,,
T496,LAMMPS,,S68,,,
T497,HooMD Blue,,S68,,,
T498,mBuild,Python class library,S68,,,
T499,Google Docs,,S69,,,
T500,Etherpad,,S69,,,
T501,Firepad,,S69,,,
T502,Modelling Deltas,,S69,,,
T503,Git,,S69,,,
T504,GenMyModel,,S69,,,
T505,EMFCollab,,S69,,,
T506,Dawn,,S69,,,
T507,EMFStore,,S69,,,
T508,Smover,,S69,,,
T509,AMOR,,S69,,,
T510,SiDiff,A generic approach to model difference calculation and representation using edit scripts is introduced in the SiDiff approach,S69,,,
T511,DeltaEcore,delta language generation framework and addresses the problem of generating delta modeling languages for software product lines and software ecosystems.,S69,,,
T512,Sirius,,S69,,,
T513,BigMDE,,S70,,,
T514,MODELWARE,,S70,,,
T515,MODELPLEX,,S70,,,
T516,ADAMS,,S70,,,
T517,Odyssey-VCS,,S70,,,
T518,Obeo designer team,,S70,,,
T519,MetaEdit+,,S70,,,
T520,Neo4EMF,,S70,,,
T521,MERL,he MetaEdit+ Reporting Language for writing generators and scripts,S70,,,
T522,TortoiseSVN’s,,S70,,,
T523,EMF Compare,,S70,,,
T524,Egit,,S70,,,
T525,CDO,,S70,,,
T526,Yammer,,S71,,,
T527,Slack,,S71,,,
T528,GenMyModel,,S71,,,
T529,Lucid charts,,S71,,,
T530,AtoMPM,,S71,,,
T531,SPACE-DESIGN,,S71,,,
T532,MONDO,,S71,,,
T533,MetaEdit+,,S71,,,
T534,Petri-Nets,,S72,,,
T535,ADOxx,,S72,,,
T536,Camunda BPM,,S72,,,
T537,SOM IAS,,S72,,,
T538,MMCollab,,S73,,,
T539,HMCS-Collab,,S73,,,
T540,EMFCollab,,S73,,,
T541,Xtext,,S73,,,
T542,CollabT,,S73,,,
T543,DMT,,S73,,,
T544,Collaboro,,S73,,,
T545,OntoGDSS,,S73,,,
T546,MADISE,,S73,,,
T547,UMLtoCSP,,S74,,,
T548,EMFtoCSP,,S74,,,
T549,Modelbus,,S74,,,
T550,CAISE,"M. A. A. da Silva, A. Mougenot, X. Blanc, et R. Bendraou, « Towards Automated Inconsistency Handling in Design Models. », in CAiSE, 2010, vol. 6051, p. 348–362",S74,,,
T551,CommitMDE,"I. Dávid, J. Denil, K. Gadeyne, et H. Vangheluwe, « Engineering process transformation to manage (in) consistency », in Proceedings of the 1st International Workshop on Collaborative Modelling in MDE (COMMitMDE 2016) co-located with ACM/IEEE 19th International Conference on Model Driven Engineering Languages and Systems (MoDELS 2016) St. Malo, France, October 4, 2016/Muccini, Henry [edit.]; et al., 2016, p. 7–16",S74,,,
T552,Collaborative User Centered Design (CUCD),Proposed a method,S75,,,
T553,FlexiSketch TEAM,,S75,,,
T554,Collaborative Sketching System,,S75,,,
T555,FLAME,"conﬂict detection technique, to use cloud resources and a novel prioritization algorithm that, to- gether, achieve efﬁcient and nonintrusive conﬂict detection",S76,,,
T556,GME,Generic Modeling Environment (GME),S76,,,
T557,XTEAM,,S76,,,
T558,CollabVS,,S76,,,
T559,Palantı́r,,S76,,,
T560,Safe-commit,,S76,,,
T561,Crystal,,S76,,,
T562,WeCode,,S76,,,
T563,Syde,,S76,,,
T564,AMOR,,S76,,,
T565,ACM,"M. Franzago, H. Muccini, and I. Malavolta, “Towards a collaborative framework for the design and development of data-intensive mobile applications,” in Proceedings of the 1st International Conference on Mobile Software Engineering and Systems, pp. 58–61, ACM, 2014.",S77,,,out of scope
T566,FlexisketchTeam,"D. Wüest, N. Seyff, and M. Glinz, “Flexisketchteam: collaborative sketching and notation creation on the ﬂy,” in Proceedings of the 37th International Conference on Software Engineering-Volume 2, pp. 685– 688, IEEE Press, 2015.",,,,
T567,Altera SoC EDS,DT Compiler,W1,DSML4DT usage for DT development,,
T568,Acceleo,,W1,https://www.eclipse.org/acceleo/,,
T569,Devicetree,,W1,https://www.devicetree.org/,,
T570,EMF,,W1,https://www.eclipse.org/modeling/emf/,,
T571,Sirius,,W1,http://www.eclipse.org/sirius/,,
T572,QVT,,W2,http://www. omg.org,,
T573,MOFScript,,W2,http://www.eclipse.org/gmt/mofscrip,,
T574,OMG,,W2,,Remove (see other comments),
T575,UML2,,W2,,,
T576,Guicking,,W2,"Guicking, A., Tandler, P. and Avgeriou P.Agilo: A Highly Flexible Groupware Framework. In Book Groupware: Design, Implementation, and Use. LNCS, Springer, Vol. 3706 (2005)",,
T577,OC Middleware,,W4,,,
T578,JCAF middleware,,W4,,,
T579,COSMOS,,W4,https://www.sciencedirect.com/science/article/pii/S0045790616301744,,
T580,SAMURAI,,W4,https://www.sciencedirect.com/science/article/pii/S0045790616301744,,
T581,OMG,,W5,,Remove (see other comments),
T582,ADM,,W5,Architecture driven modernization,,
T583,Netbeans,,W5,,,
T584,IBM alphaworks,,W5,,,
T585,ATLAS groups,,W5,,"This is AMMA, remove",
T586,EMF,,W5,,,
T587,Collaboro,,W6,"Javier Luis Cánovas Izquierdo and Jordi Cabot. 2016. Collaboro: a collaborative (meta) modeling tool. PeerJ Computer Science 2, e84 (2016).",,
T588,T-Square,,W7,,,
T589,NOVA workflow workbrench,,W7,http://www.eclipse.org/xtext,,
T590,Xtext,,W7,,,
T591,ADEPT2,,W7,"Reichert, M., Rinderle, S., Kreher, U., Acker, H., Lauer, M., Dadam, P.: ADEPT2 - next generation process management technology. In: Proceedings Fourth Heidelberg Innovation Forum, Aachen, D.punkt Verlag (April 2007)",,
T592,Same paper W2,,W8,,,
T593,OMG,,W9,,,out of scope
T594,Selenium,,W9,Out of scope(might be),,
T595,GITHUB SEARCH,,W10,,,
T596,OMG,,W11,,Remove (see other comments),
T597,IFML,,W11,http://en.wikipedia.org/wiki/Interaction_Flow_Modeling_Language,,
T598,WebRatio,,W11,,,
T599,Apache CORDOVA,,W11,,,
T600,GITHUB SEARCH,,W12,,,
T601,ArcStyler,,W14,Code generation,,
T602,JAVANA,,W16,http://www.oopsla.org/2006/submission/research_papers/javana:_a_system_for_building_customized_java_program_analysis_tools.html,,
T603,Cocktail,,W18,,,
T604,Eli,,W18,,,
T605,PCCTS,,W18,,,
T606,Centaur,,W18,,,
T607,Gem-max,,W18,,,
T608,Cubix,,W18,,,
T609,DotLRN,,W20,,,
T610,SAKAI,,W20,,,
T611,Atutor,,W20,,,
T612,Claroline,,W20,,,
T613,Moodle,,W20,,,
T614,Cmaptools,,W20,,,
T615,EMF,,W20,,,
T616,GMF,,W20,,,
T617,Distil,,W22,DSL based language,,
T618,ModelBus,,W22,,,
T619,ReMoDD,,W22,,,
T620,MORSE,,W22,,,
T621,MDEForge,,W22,,,
T622,AtomPM,,W22,,,
T623,Jolie,,W22,Service oriented language,,
T624,CloudMF,,W22,,,
T625,MDEForge,,W23,,,
T626,OMG,,W24,,Remove (see other comments),
T627,EMF,,W24,,,
T628,OMG,,W26,,Remove (see other comments),
T629,Bumble,,W28,,,
T630,MDEForge,,W28,,,
T631,rtUML,,W28,,,
T632,PapyrusIC,,W28,,,
T633,PapyrusRT,,W28,,,
T634,Xtext,,W28,,,
T635,MAGMA,,W29,Maven Archetype for Generating Microservice Architectures,,
T636,Ajil,,W29,,,
T637,TheArchitect,,W29,,,
T638,Microbuilder,,W29,,,
T639,Jhipster,,W29,,,
T640,LEMMA,,W29,,,
T641,Jolie,,W29,,,
T642,Silvera,,W29,Silvera is a declarative language developed for the domain of microservice software architecture development.,,
T643,DSCHOLAR,,W30,,,
T644,OMG,,W30,,Remove (see other comments),
T645,MetaEdit+,,W31,,,
T646,OMG,,W31,,Remove (see other comments),
T647,TeDUB,,W33,Technical Diagram Understanding for the Blind,,
T648,AtoM,,W33,,,
T649,SliM,,W33,,,
T650,COMET,,W33,,,
T651,GEMSjax,,W33,,,
T652,COMA,,W33,,,
T653,AWMoJSF,,W33,,,
T654,CEML Language,,W34,,,
T655,OMG,,W34,,,out of scope
T656,RuleML,,W34,,,
T657,SimJADE,,W34,,,
T658,NetLogo,,W34,,,
T659,RePast,,W34,,,
T660,DeMOCAS,,W35,,,
T661,CAS-DSL,,W35,https://github.com/das-fbk/CAS-DSL,,
T662,PyDSLRep,,W37,,,
T663,Xtext,,W37,,,
T664,LUA,,W37,,Programming language (remove),
T665,OMG,,W37,,,
T666,PyDSLRep,,W39,,,
T667,Xtext,,W39,,,
T668,CMF:Crop Model Factory,,W40,Out of scope(might be),,
T669,OMG,,W42,,,out of scope
T670,AXIOM,,W42,,,
T671,AndroMDA,,W42,DSL based language,,
T672,Rhodes,,W42,DSL based language,,
T673,DragonRAD,,W42,DSL based language,,
T674,Appcelerator,,W42,DSL based language,,
T675,Canappi,,W42,DSL based language,,
T676,MobDSL,,W42,DSL based language,,
T677,DIMAG,,W42,DSL based language,,
T678,Mobia Modeler,,W42,DSL based language,,
T679,Xtext,,W43,,,
T680,Spoofax,,W43,,,
T681,MPS,,W43,,,
T682,GEMOC Studio,,W43,,,
T683,MontiCore,,W43,,,
T684,MetaEdit+,,W43,,,
T685,Racket,,W43,,,
T686,Melange,,W43,,,
T687,EMF,,W44,,,
T688,CEL,,W44,,,
T689,Calico,,W44,,,
T690,MobiCase,,W44,,,
T691,AndroMDA,,W46,"AndroMDA, “Extensible Code Generator.” http://www. andromda.org",,
T692,Code generation network,,W49,"Code Generation Network, “Code Generation Network.” http://www.codegeneration.net/tiki-index.php? page=ModelsIntroduction",,
T693,ExpertCoder,,W49,"ExpertCoder, “Code Generation Libraries for .NET, Mono and dotGNU.” http://expertcoder.sourceforge.net/en/index.htm",,
T694,OpenSesame,GUI based experiment builder,W50,Out of scope(might be),,
T695,E-Prime,GUI based experiment builder,W50,Out of scope(might be),,
T696,PsychoPy Builder,GUI based experiment builder,W50,Out of scope(might be),,
T697,Gorilla,GUI based experiment builder,W50,Out of scope(might be),,
T698,Lab.js,GUI based experiment builder,W50,Out of scope(might be),,
T699,PsychoPy,GUI based experiment builder,W50,Out of scope(might be),,
T700,Expyriment,GUI based experiment builder,W50,Out of scope(might be),,
T701,jsPsych,GUI based experiment builder,W50,Out of scope(might be),,
T702,PEBL,GUI based experiment builder,W50,Out of scope(might be),,
T703,Xtext,,W50,,,
T704,TextX,,W50,"Dejanovi´c, I.; Vaderna, R.; Milosavljevi´c, G.; Vukovi´c, Ž. TextX: A Python tool for Domain-Specific Languages implementation. Knowl.-Based Syst. 2017, 115, 1–4. [",,
T705,EMFCollab,,W51,,,
T706,EMFtoCSP,,W51,,,
T707,GenMyModel,,W51,,,
T708,UNICASE,,W51,,,
T709,MDEForge,,W51,,,
T710,WebGME,,W51,,,
T711,Google Docs,,W51,,,
T712,MetaEdit+,,W51,,,
T713,Xtext,,W52,https://www.eclipse.org/Xtext/,,
T714,Sirius,,W52,https://www.eclipse.org/sirius/,,
T715,OMG,,W52,https://www.omg.org/,Remove (see other comments),
T716,BonitaSoft,Out of scope (Might be),W52,https://www.bonitasoft.com/,,
T717,OMG,,W53,,,out of scope
T718,IBM:rational Rose,,W53,,,
T719,AgroUML,,W53,,,
T720,MIAStudio,,W53,,,
T721,Metacase,,W53,,,
T722,Borland,,W53,,,
T723,RWD-Team,,W53,,,
T724,IBM: Eclipse Modeling Framework.,,W53,http://www.eclipse.org/emf/,,
T725,AspectJ-team,,W53,http://www.eclipse.org/aspectj/,,
T726,Metamodel,,W53,Metamodel. In: Proc. The Unified Modeling Language 5th International Conference (2002) 305-320,,
T727,OMG,,W55,,,out of scope
T728,Jetbrains MPS,,W55,,,
T729,Obeo designer team,,W55,Language workbench (for sure out of scope),,
T730,Ecore metamodel,,W55,,"This is not a technology, remove",
T731,Sirius,,W55,,,
T732,AtomPM,,W55,,,
T733,GME,,W55,,,
T734,metacase,,W55,,,
T735,Metaedit+,,W55,,,
T736,Xtext,,W55,,,
T737,OMG,,W57,,,out of scope
T738,MDS,provide a way for software engineers to bridge the gap between the system design requirements and security requirements by taking a model-centric approach,W57,,,
T739,BIMSL,A Domain Specific Language for Integrating Building Information Models with Sensor Data,,,,
T740,ArchiMate 3.0 Modeling,,W62,,,
T741,Mtext,,W62,,,
T742,Sirius,,W62,,,
T743,Lexical(thingML),,W62,,,
T744,Graphical(CJML),,W62,,,
T745,OMG,,W63,,,out of scope
T746,WebGME,,W64,,,
T747,CoMDSE,,W64,,,
T748,OMG,,W65,,,out of scope
T749,Eclipse GMF,,W65,,,
T750,MetaEdit+,,W65,,,
T751,Eclipse GMF,,W65,,,
T752,JADE,,W65,Need validation,,
T753,JADEX,,W65,Need validation,,
T754,JACK,,W65,Need validation,,
T755,OMG,,W66,http://www.omg.org/mda,Remove (see other comments),
T756,Cockburn,,W69,"Cockburn, A. (2001). Agile Software Development. Reading, Massachusetts: Addison-Wesley.",,
T757,Actifsource,,W71,,,
T758,CubicWeb,,W71,,,
T759,OpenMDX,,W71,,,
T760,OpenAIS,,W72,"OpenAIS, OpenAIS Overview, http://linux.die.net/man/8/openais_overview, accessed July 2015",,
T761,OpenSAF,,W72,"OpenSAF Foundation, http://www.opensaf.org/, accessed July 2015",,
T762,OpenHPI,,W72,"OpenHPI, http://openhpi.org/, accessed July 2015.",,
T763,MARTE,,W72,"S. Bernardi, J. Merseguer, and D. Petriu, ""A dependability profile within MARTE"" Software and System Modeling 10(3): 313-336 (2011)","This is a language, not a technology, remove",
T764,MAM-UML,,W72,"E. Belloni, and C. Marcos, ""MAM-UML: An UML Profile for the Modeling of Mobile-Agent Applications,"" in Proc. of the 24th International Conference of the Chilean Computer Science Society, 2004, pp.3-13",,
T765,Eclipse EMF,,W72,"Eclipse Foundation, Eclipse Modeling Framework (EMF), 2014, URL: http://www.eclipse.org/modeling/emf/",,
T766,IBM Rational,,W72,"Rational Software Architect, IBM Rational Software 2013, www03.ibm.com/software/products/en/ratisoftarchfami",,
T767,OMG,,W72,,Remove (see other comments),
T768,IBM Rational Method Composer,,W73,,,
T769,Microsoft Solution Framework,,W73,,,
T770,EPF Composer,,W73,,,
T771,UML4SPM,,W73,"R. Bendraou, M. P. Gervais, and X. Blanc, ""UML4SPM: A UML 2.0-based metamodel for software process modeling,"" in Model Driven Engineering Languages and Systems. 8th International Conference, MODELS 2005. Proceedings, Montego Bay, Jamaica, 2005, pp. 17- 38.",,
T772,Agent-DSL,,W75,,,
T773,SemanticWebAgent,,W75,,,
T774,JADEX,,W75,,,
T775,JACK,,W75,,,
T776,Xtext,,W75,,,
T777,Xpand,,W75,Xpand: http://wiki.eclipse.org/Xpand,,
T778,JADE,,W75,"JADE: Java Agent DEvelopment Framework, http://jade.tilab.com/",,
T779,EMF,,W76,,,
T780,MetaEdit+,,W76,,,
T781,Metacase,,W77,,,company name
T782,MetaEdit+,,W77,,,
T783,GME,,W77,,,
T784,Mendix,,W78,,,
T785,Acceleo,,W78,,,
T786,BLU AGE(tm),100% Application Generator based on UML/OCL/MDA technologies,W78,,,
T787,ECO,,W78,,,
T788,XMF,,W83,XMF from XACTIUM [XACTIUM],,
T789,OSS,,W83,http://www.ossj.org/learning/docs/wp_technologycomparison1.0.pdf,,
T790,XACTIUM,,W83,http://www.xactium.com/,,
T791,CORBA,,W84,,,
T792,Rational XDE,,W84,,,
T793,Telelogic Tau,,W84,,,
T794,Borland Together,,W84,,,
T795,Microsoft Visio,,W84,,,
T796,ArchiMate,,W85,,,
T797,TOGAF,,W85,,,
T798,COCO-UML,,W86,,,
T799,UML-G,,W86,,,
T800,TOUCHE,,W86,,,
T801,AMENITIES,,W86,,,
T802,CIAT,,W86,CIAT has been developed by using the plug-ins in the Eclipse Modeling Project,,
T803,REA-EO,,W89,,,
T804,MOF,,W89,Meta Object Facility (MOF),,language spec (not a technology)
T805,ORM-ODM,,W89,"Pan, W.-l., and D.-x. Liu. 2010. ORM-ODM: Ontology Definition Metamodel for Object Role Modeling. Proceedings of Computer Science and Information Technology (ICCSIT), 2010 3rd IEEE International Conference, July 9–11",,
T806,GMF,,W90,Graphical Modelin,,
T807,Graphical Modelin,,W90,"Pierre America et al., ""CoPAM: a compact-oriented platform architecting method family for product family engineering"", Proceedings of the first conference on Software product lines : experience and research directions: experience and research directions, pp. 167-180, 2000",,
T808,PuLSE,,W90,"Joachim Bayer et al., “PuLSE: A Methodology to Develop Software Product Lines”, Proceedings of the symposium on Software reusability, ACM, pp. 122 - 131, 1999",,
T809,XAIText,,W92,,,
T810,Jinja2,,W92,"Ronacher, A. (2021), Jinja2, https://pypi.org/project/Jinja2/, accessed: 2021-08-06. 5.2.2",,
T811,MOF2Text,,W99,,,
T812,MOFScript,,W99,,,
T813,EMF Code generation,,W99,,,
T814,Xpand,,W99,,,