ID,Name,Documentation URL,Sources,Notes,l1,l2,l3,E1,E2,E3,Selected(Yes/No),Downloadable,IsMDE,Rationale,
T1,4everedit,,['S1'],,,,,X,X,,NO,,,,
T2,ACM,,['S23' 'S77'],False Pick,,,,,,,NO,,,,
T3,ADAMS,https://hexagon.com/products/product-groups/computer-aided-engineering-software/adams,"['S20' 'S38' 'S34' 'S70','S21']",,,,,X,,,NO,Yes,No,,"I1) The modeling technology supports collaborative modeling, i.e., it allows multiple stakeholders to manage, collaborate, and be aware of each others’ work on a set of shared models representing key aspects of the same system."
T4,,,,,,,,,,,,,,,I2) The modeling technology is publicly available (either as an open-source or commercial product).
T5,ADEPT2,,['W7'],Research project,,,,X,X,,NO,,,,I3) The documentation of the modeling technology is publicly available.
T6,ADM,https://www.visual-paradigm.com/tutorials/,['W5'],Called as ADM toolset,,X,X,X,,,NO,,,,"E1) The modeling technology does not explicitly address/support collaborative modeling, e.g., Eclipse EMF, MPS, ATL, Epsilon, etc."
T7,ADOxx,https://www.adoxx.org/live/introduction-to-adoxx,['S72' 'S49'],NOT EMF based,,,,,,,YES,,It doesn't support real-time collaboration,,"E2) The modeling technology is not available for download as a binary that can be run on current operating systems from an official website or an affiliated platform supporting it (e.g., a GitHub repository)."
T8,AMENITIES,https://www.researchgate.net/figure/a-AMENITIES-main-concepts-for-task-modelling-b-The-U-CAT-laboratory-Web-interface_fig1_228967171,['W86'],Research project,X,,,,X,,NO,,,,E3) The documentation of the modeling technology is not in English.
T9,AMMA,https://www.researchgate.net/figure/Structure-of-AMMA-a-model-based-framework-for-DSLs_fig5_221321636,['S46'],Research project based on DSL,,,,X,X,,NO,,,,
T10,AMOR,http://www.modelversioning.org/index32bb.html?option=com_content&view=article&id=46&Itemid=54,['S76' 'S69' 'S22' 'S13' 'S46'],VCS,X,X,,X,X,,NO,,NO,,
T11,ARIS,https://www.ariscommunity.com/aris-express/poster,"['S49' 'S44','S30']",,,,,X,X,,NO,,,,
T12,ATL,https://www.eclipse.org/atl/documentation/,['S46' 'S16'],,,X,X,X,,,NO,,,,
T13,ATLAS groups,https://en.wikipedia.org/wiki/ATLAS_Transformation_Language,['W5'],It's not a tool but a transformation langauge,,,,,,,NO,,,,
T14,AWMo,https://link.springer.com/chapter/10.1007/978-3-319-07437-5_11,['W33'],Research project,,,,,,,NO,,,,
T15,AXIOM,https://www.axiomsoftware.eu/en/,['W42'],Not an MDE,,X,,X,X,,NO,,,,
T16,Acceleo,https://www.eclipse.org/acceleo/,['W78' 'W1'],Code generator plugin,,X,X,X,,,NO,,,,
T17,Actifsource,https://www.actifsource.com/tutorials/index.html,['W71'],Domain Specific Development Too,,X,X,X,X,,NO,,,,
T18,Adobe connect,https://www.adobe.com/products/adobeconnect.html,['S10'],"Similar to Zoom, but has collaborative features",X,X,X,,X,X,NO,Can be downloaded on a free trial,NO,,
T19,Agent-DSL,,['W75'],The paper descibed the limitation of DSL- False pick,,,,,,,NO,,,,
T20,ArgoUML,https://argouml-tigris-org.github.io/tigris/argouml/,"['W53','S29' 'S38' 'S15' 'S19']",Modelling tool,X,,,,,,NO,,," It is not an MDE (Model-Driven Engineering) tool in the strict sense, as it does not provide model transformation or code generation capabilities.",
T21,Ajil,https://www.researchgate.net/publication/324784235_AjiL_A_Graphical_Modeling_Language_for_the_Development_of_Microservice_Architectures,['W29'],The research project is still under development. The github link is available though but the binaries aren't available,,,,X,,,NO,,,,
T22,AllegroServe,,['S32'],Not a modelling tool but a webserver,,,,,,,NO,,,,
T23,Altera SoC EDS,https://people.ece.cornell.edu/land/courses/ece5760/DE1_SOC/ug_soc_eds.pdf,['W1'],Embedded software tool,,,,,,,NO,,,,
T24,Amentities,https://www.researchgate.net/figure/a-AMENITIES-main-concepts-for-task-modelling-b-The-U-CAT-laboratory-Web-interface_fig1_228967171,['S39' 'S40'],Research project,,,,,,,NO,,,,
T25,Amulet,https://ieeexplore.ieee.org/document/601073,['S41'],Research project,,,,,,,NO,,,,
T26,AndroMDA,http://www.andromda.org/howto-guides.html,['W46' 'W42'],,X,,,,,,NO,Can be downloaded,Yes,Modelling tool but not collaborative,
T27,Apache CORDOVA,,['W11'],Apache Cordova is a mobile application development framework created by Nitobi- False pick,,,,,,,NO,,,,
T28,Appartition,https://dl.acm.org/doi/10.1145/2702123.2702565,['S52'],Research project,,,,,,,NO,,,,
T29,Appcelerator,https://atom.io/packages/appcelerator-titanium,['W42'],Build tools for atom text editor,,,,,,,NO,,,,
T30,Apple’s iWork,,['S28'],macOS spreadsheet,,,,,,,NO,,,,
T31,ArcStyler,https://www.omg.org/mda/mda_files/ArcStyler5_Whitepaper_220205.pdf,['W14'],,X,,X,,,,Need to confirm,Binaries are not available for download,Yes,Its amodelling tool,
T32,ArchiMate,https://www.archimatetool.com/,"['W85','W62','S49']",,X,,,,,,NO,Yes,Yes,Not collaborative but a modelling tool,
T33,ArgoEclipse,https://modeling-languages.com/argoeclipse/,['S38'],Modelling language,,,,,,,NO,,,,
T34,AspectJ-team,,['W53'],Research project and modelling notations,,,,,,,NO,,,,
T35,Assisi Gui Designer,https://docplayer.net/24066111-V4all-assisi-gui-designer-for-eclipse-manual-version-1-0-seite-1-v4allassisi-gui-designer.html,['S19'],GUI designer,,,,,,,NO,,,,
T36,AtoMPM,https://atompm.readthedocs.io/en/latest/,"['S13' 'S66' 'S71','W33','S16' 'W55' 'S64' 'S50' 'S51' 'W22']",,,,,X,,,NO,Yes,Yes,(meta)modelling workbench and supports collaborative modelling,
T37,Atom,http://atom3.cs.mcgill.ca/#doc,"['S49' 'S49' 'S16','S33']",Similar to AtomPM,,X,X,,,,Need to confirm,Yes,Yes,MSDL but doesn't support collaboration,
T38,Atutor,,['W20'],Not a modelling tool,,,,,,,NO,,,,
T39,BIMSL,https://www.semanticscholar.org/paper/BIMSL%3A-A-generic-approach-to-the-integration-of-Alves-Carreira/5146a8e5c9cae1c1382cf6939c09680757b8c62a,[None],Research project,,,,,,,NO,,,,
T40,BLU AGE(tm),http://www.mdetools.com/detail.php?toolId=53,"['W78','S11']",,,,X,X,,,NO,,,,
T41,BP-MoKi,,['S45'],Wiki-based process,,,,,,,NO,No,No,,
T42,BSCW,https://ris.utwente.nl/ws/files/189578944/Sikkel1997group_based.pdf,['S41'],Research project,,,,,,,NO,,,,
T43,Balsamiq,,['S19'],UI designing tool,,,,,,,NO,,,,
T44,BigAgi,https://www.bizagi.com/en/learning/modeling-for-execution-with-bizagi-online,['S31'],Modelling based on BPMN standards,,,,,,,YES,Yes,Yes,BPMN Based modelling,
T45,BonitaSoft,https://documentation.bonitasoft.com/bonita/2022.2/,['W52'],,,,,,,,YES,Yes,Yes,BPMN notation based modelling,
T46,Borland,https://docs.bmc.com/docs/discovery/contentref/borland-997873293.html,['W53'],,,,,X,X,,NO,,,,
T47,Borland Caliber,https://docs.bmc.com/docs/discovery/contentref/borland-caliberrm-997869536.html,['S21'],,,,,X,X,,NO,,,,
T48,Borland Together,https://docs.bmc.com/docs/discovery/contentref/borland-together-997869575.html,"['W84' 'S65','S34']",,,,,X,X,,NO,,,,
T49,Bumble,https://itea4.org/project/bumble.html,['W28'],,X,,X,,X,,NO,No,Yes,,
T50,C-PMS,http://cpmslimited.com/,['S65'],project management software tool,,,,,,,NO,,,,
T51,C-Praxis,,['S37'],Research Project,,,,,,,NO,,,,
T52,C-SAMT,,['S65'],Spatial Analysis and Modeling Tool,,,,,,,NO,,,,
T53,C-SPE,https://search.spe.org/i2kweb/SPE/class/Technology/Information%20Technology/Modeling%20&%20Simulation,['S34'],Simulation tool,,,,,,,NO,,,,
T54,CAISE,https://www.researchgate.net/publication/220639438_A_CASE_tool_for_modelling_and_automatically_generating_web_service-enabled_applications,"['S74','S25']",Research Project,,,,,,,NO,,,,
T55,CAMEL,https://camel-dsl.org/documentation/,['S17' 'S13' 'S9'],DSL,,,,,,,NO,,,,
T56,CAStlE,https://www.computer.org/csdl/proceedings-article/fas*w/2017/08064159/12OmNzDNtwQ,['W35'],MDE approach to enhance Collective Adaptive System (CAS) specification.,,,,X,X,,NO,,,,
T57,CASCADE,https://www.researchgate.net/publication/237674415_COMPUTER_SUPPORTED_COOPERATIVE_SOFTWARE_ENGINEERING_A_FRAMEWORK_FOR_SUPPORTING_DISTRIBUTED_CONCURRENT_GROUP_MODELING_OF_SOFTWARE,['S27'],Research project,,,,,,,NO,,,A FRAMEWORK FOR SUPPORTING DISTRIBUTED CONCURRENT GROUP MODELING OF SOFTWARE,
T58,CASLO,https://www.researchgate.net/publication/215525018_The_collaborative_development_of_didactic_materials,['S54'],Research Project,X,,,,X,,NO,,,,
T59,CDO,https://www.eclipse.org/cdo/documentation/,['S70'],run-time persistence framework,,,,,,,NO,,,Not an MDE,
T60,CE4WEB,https://www.academia.edu/2877111/Design_and_evaluation_of_a_service_oriented_architecture_based_application_to_support_the_collaborative_edition_of_uml_class_diagrams,['S18'],CASE tool,X,,,,X,,NO,,,Not available on the web,
T61,CEDTS,https://link.springer.com/chapter/10.1007/978-3-540-69389-5_45,['S27'],False Pick,,,,,,,NO,,,Not an MDE,
T62,CEL,https://ieeexplore.ieee.org/abstract/document/6606708,['W44' 'S55'],Research project,,,,X,X,,NO,,,Modelling tool for Ipad,
T63,CEML Language,,['W34'],,,,,,,,NO,,,Not and MDE,
T64,CEVINEDIT,https://link.springer.com/article/10.1007/s10270-020-00833-2,['S50'],,,,,X,X,,NO,,,EMF based but doesn't support collaboration and the binaries aren't available,
T65,CHIME,,['S41'],Web-based diagramming tool,,,,X,X,,NO,,,Not an MDE,
T66,CIAT,https://www.researchgate.net/publication/220959662_CIAT_a_model-based_tool_for_designing_groupware_user_interfaces_using_CIAM,['W86'],Research project,X,,,,X,,NO,,,Collaborative but not MDE,
T67,CMF:Crop Model Factory,https://www.researchgate.net/publication/331816122_CMF_-_A_Crop_Model_Factory_to_improve_scientific_models_development_process,['W40'],Research project,,,,X,X,,NO,,,MDE but not collaborative,
T68,CMSPEM,https://hal.archives-ouvertes.fr/hal-03468340/document,['S56'],Collaborative software development tool,X,,,,X,,NO,,,Not available on internet to download,
T69,CO2DE,https://github.com/antonelse/co2des,['S49' 'S18' 'S18'],co²des is an environment for enhanced live coding performances. I,X,X,X,,,,NO,,,Not an MDE,
T70,COMA,https://www.researchgate.net/publication/220921577_COMA_A_tool_for_collaborative_modeling,['S65' 'S57' 'S30' 'S11' 'W33' 'S44'],Research project,X,,,,X,,NO,,,It is research project,
T71,COMET,https://products.rheagroup.com/comet,['W33'],Collaborate on models using implicit modelling,X,X,,,X,,NO,,,Not an MDE,
T72,COMMA,https://comma.esi.nl/,['S65'],Model based engineering,,,,X,,,NO,,,The Framework named ComMA (Component Modeling and Analysis) supports model-based engineering (MBE) of high-tech systems by formalizing interface specifications,
T73,COPE,https://link.springer.com/chapter/10.1007/978-3-642-03013-0_4,['S46'],Research project,,,,,,,NO,,,,
T74,CORBA,https://sourceforge.net/projects/ccmtools/,['W84'],,,X,,,X,,NO,,,Documenttaion is not available and not MDE,
T75,COSMOS,https://www.cosmo-model.org/content/support/software/default.htm,['W4'],NOT an MDE,,,,,,,NO,,,,
T76,CSCW,https://www.researchgate.net/publication/220269574_An_Agent-Based_Design_Software_A_CSCW_Model_for_Software_Design_Tool,"['S27','S40','S12']",Research Project,,,,,,,NO,,,Not an MDE,
T77,CTTE,https://ieeexplore.ieee.org/document/1027801,['S59'],Not and MDE,,,,,,,NO,,,,
T78,Calico,https://www.researchgate.net/publication/234799577_Calico_A_Prototype_Sketching_Tool_for_Modeling_in_Early_Design,['S67' 'S2' 'W44'],Research project,,,,,,,NO,,,,
T79,Camel,https://www.morphemic.cloud/the-camel-designer-module-for-modelio-in-morphemic-project/?utm_source=rss&utm_medium=rss&utm_campaign=the-camel-designer-module-for-modelio-in-morphemic-project,['S64'],,,,,,,,NO,,,"Cloud Application Modelling and Execution Language (CAMEL) is a multi-domain-specific language (DSL) allowing users to specify multiple aspects/domains related to multi-/cross-cloud applications, such as the domains of deployment, requirement, metric, scalability, security, organization, and execution.",
T80,Camunda BPM,https://docs.camunda.io/,['S72'],,X,,,,,,NO,,,"Not an MDE,Not collaborative byt a modeller",
T81,Canappi,https://www.crunchbase.com/organization/canappi,['W42'],,,,,,,,NO,,,,
T82,Cedar studio,https://dl.acm.org/doi/10.1145/2494603.2480332,['S4'],Research paper,,,,,,,NO,,,,
T83,CellML Model Repositories Project.,https://models.cellml.org/docs,['S55' 'S23'],Model repository,,,,,,,NO,,,Not an MDE,
T84,Centaur,https://www.centaursoft.com/,['W18'],,,,,,,,NO,,,Not an MDE,
T85,Ciam,https://www.researchgate.net/publication/350025860_Learn-CIAM_A_Model-Driven_Approach_for_the_Development_of_Collaborative_Learning_Tools,['S39'],Research project,X,,,,,,NO,,,,
T86,CircuitLab,https://www.circuitlab.com/,['S13'],,,,,,,,NO,,,Not an MDE,
T87,Cittera,https://www.yumpu.com/en/document/view/42901282/literature-cb-brochurepdf-golden-impressions/3,"['S34','S43']",Academic research project,,,,,,,NO,,,,
T88,Claroline,https://www.researchgate.net/figure/Claroline-learning-modelo-and-SW-tools_fig3_290697484,['W20'],Research project,,,,X,X,,NO,,,,
T89,Cliki,https://www.researchgate.net/figure/A-Cliki-tool-for-drawing-and-working-with-UML-class-diagrams_fig5_220818041,['S41'],Research projects,,,,X,X,,NO,,,,
T90,CloudMF,https://dl.acm.org/doi/10.1145/3125621,['W22'],Research project,,,,X,X,,NO,,,,
T91,Cmaptools,https://cmap.ihmc.us/documentation-support/,['W20'],,X,,,,,,NO,,,Not an MDE but collaborative,
T92,Co-Lab,https://www.colabsoftware.com/,"['S39','S40']",,,X,X,X,,,NO,,,"Not an MDE, Engineering modelling for automobile",
T93,CoArgoUML,https://argouml-tigris-org.github.io/tigris/argouml/,['S29'],,,,,,,,,,,Unable to find information,
T94,CoConut,https://www.researchgate.net/project/Coconut-COde-CONstructing-User-Tool,['S27'],Research tool,,,,X,X,,NO,,,Constructing user tool,
T95,CoID SPA,https://ieeexplore.ieee.org/document/926588,['S65'],Research project,,,,X,X,,NO,,,,
T96,CoMBM,,['S24'],Research Project,,,,,,,NO,,,,
T97,CoMDSE,https://www.slideshare.net/DavideRuscio/collaborative-model-driven-software-engineering-a-systematic-mapping-study,['W64'],Research Project,,,,X,X,X,NO,,,,
T98,CoMoMod,https://ieeexplore.ieee.org/document/5990030/similar#similar,['S44'],Research Project,,,,X,X,X,NO,,,,
T99,CoObRA (based on Fujaba),,['S1'],Research Project,,,,X,X,X,NO,,,,
T100,Coast,https://dl.acm.org/doi/10.1145/240080.240186,['S29'],Research Project,,,,X,X,X,NO,,,,
T101,Cockburn,https://www.researchgate.net/publication/2955499_Cockburn_A_Agile_software_development_the_business_of_innovation_Computer_349_120-127,['W69'],Research Project,,,,X,X,X,NO,,,,
T102,Cocktail,https://www.researchgate.net/figure/The-cocktail-model-for-project-management_fig2_261560647,['W18'],Research Project,,,,X,X,X,NO,,,The Project Management Cocktail Model: An Approach for Balancing Agile and ISO 21500,
T103,CodeBeamer,https://codebeamer.com/cb/wiki/2732969,['S10'],Research Project,,,,X,X,X,NO,,,,
T104,Codesign,https://co-design.tools/,['S17'],,,X,,X,,,NO,,,,
T105,CollabT,https://www.researchgate.net/publication/364183959_On_modelling_coolant_penetration_into_the_microchannels_at_the_tool-workpiece_interface,['S73'],Research Project,,,,X,X,,NO,,,,
T106,CollabVS,https://www.researchgate.net/publication/224148611_Tools_for_collaborative_development_of_visual_models_and_languages,['S76'],Research Projects,,,,X,X,,NO,,,,
T107,Collaborative CTT,https://www.researchgate.net/publication/220959712_Collaborative_Modelling_of_Tasks_with_CTT_Tools_and_a_Study,['S59'],Research Projeect,,,,X,X,,NO,,,,
T108,Collaborative Sketching System,https://www.sketch.com/collaborate/,['S75'],,X,,,,,,NO,,,Not and MDE,
T109,Collaboro,https://www.researchgate.net/publication/309435017_Collaboro_A_collaborative_Meta_modeling_tool,['S73' 'S54' 'W6' 'S67'],Research Project,,,,X,X,X,NO,,,,
T110,Collece,,['S39'],Research Project,,,,X,X,X,NO,,,,
T111,Collect-UML,https://www.researchgate.net/figure/COLLECT-UML-interface_fig1_221413569,['S32'],Research Project,,,,X,X,X,NO,,,,
T112,CommitMDE,https://www.semanticscholar.org/paper/COMMitMDE-2018-3rd-International-Workshop-on-in-MDE-Bosch-G%C3%A9rard/2748736d74e9f93a7c04066895b684bea427620d,['S74'],,X,,,X,X,,NO,,,,
T113,Cool modes,https://edutechwiki.unige.ch/en/Cool_Modes,"['S39','S40']",,,,,X,X,,NO,,,,
T114,CoreVDO,,['S60'],,,,,X,X,,NO,,,,
T115,CrowdAdapt,https://www.researchgate.net/publication/269049247_CrowdAdapt_Enabling_Crowdsourced_Web_Page_Adaptation_for_Individual_Viewing_Conditions_and_Preferences,['S52'],,,,,X,X,,NO,,,,
T116,CrowdCrit,https://www.researchgate.net/publication/266655734_CrowdCrit_Crowdsourcing_and_aggregating_visual_design_critique,['S52'],,,,,X,X,,NO,,,,
T117,CrowdDesign,,['S52'],,,,,,,,,,,Not found,
T118,CrowdStudy,https://www.researchgate.net/publication/249009495_CrowdStudy_General_Toolkit_for_Crowdsourced_Evaluation_of_Web_Interfaces,['S52'],,,,,X,X,,NO,,,,
T119,CrowdUI,,['S52'],,,,,X,X,,NO,,,,
T120,Crystal,http://crystalmaker.com/,"['S76','S43']",,,,,,,,NO,,,Not and MDE,
T121,CubicWeb,https://cubicweb.readthedocs.io/en/latest/,['W71'],,,,,,,,NO,,,"semantic web application framework, l",
T122,Cubix,https://en.cubixbm.net/,['W18'],,,,,,,,NO,,,Not and MDE,
T123,D-Meeting,,['S26' 'S34'],,,,,,,,NO,,,,
T124,D-Praxis,https://link.springer.com/chapter/10.1007/978-3-642-02164-0_2,['S33' 'S36'],,X,,,X,X,,NO,,,,
T125,D-UML,,['S26'],,,,,X,X,,NO,,,,
T126,DAWN,https://diamondlightsource.atlassian.net/wiki/spaces/DT/pages/1378477/User+Guide,['S48'],,X,,,X,,,NO,,,Not an MDE,
T127,DEMO,https://www.demoworld.nl/Portal/Home,['S30'],,,,,X,X,X,NO,,,Not an MDE,
T128,DIMAG,https://www.researchgate.net/publication/220983019_DIMAG_a_framework_for_automatic_generation_of_mobile_applications_for_multiple_platforms,['W42'],,,,,X,X,,NO,,,,
T129,DISCOM,https://www.researchgate.net/figure/An-overview-of-DISCOM_fig1_224560200,['S23'],,,,,,,,NO,,,,
T130,DMT,https://dmt.semimod.de/,['S73'],,,,X,,,,NO,,,,
T131,DOLCE,,['S45'],,,,,X,X,X,NO,,,Not and MDE,
T132,DOORS,https://www.researchgate.net/publication/319521054_DOORS_A_Tool_to_Manage_Requirements,['S46'],,,,,,,,NO,,,Not and MDE,
T133,DSCHOLAR,,['W30'],,,,,,,,NO,,,,
T134,DSL Tools,,['S16' 'S41'],,,,,,,,NO,,,,
T135,DSL-Comet,https://diagrameditorserver.herokuapp.com/,['S55'],Modelling tools for IOS device,,,,X,X,,NO,,,,
T136,DSL-tao,http://jdelara.github.io/DSL-tao/DSL-tao%20User%20Manual.pdf,['S50'],DSL based,,,,X,X,,NO,,,,
T137,DargoUML,,['S34'],,,,,,,,,,,,
T138,Dawn,https://dawnsci.org/using-dawn/,['S69'],,,X,X,,,,NO,,,,
T139,DeMOCAS,,['W35'],Research project,,,,X,X,,NO,,,,
T140,DeltaEcore,http://deltaecore.org/?page_id=30,['S69'],EMF based,,,,,,,YES,,,Doesn't support real-time collaboration,
T141,Devicetree,,['W1'],,,,,,,,NO,,,,
T142,DiCoMEF,https://www.researchgate.net/publication/272073425_DiCoMEF_A_Distributed_Collaborative_Model_Editing_Framework,"['S62','S24' 'S33']",Rsearch project,,,,X,X,,NO,,,,
T143,Dia,,['S19'],Rsearch project,,,,,,,NO,,,,
T144,DiaGen,https://www.researchgate.net/publication/261109654_Diagen_A_model-based_bioinformatic_tool_for_genetic_analysis,['S41'],Rsearch project,,,,X,X,,NO,,,,
T145,DiaMeta,https://modeling-languages.com/diagen-and-diameta-tools-generation-diagram-editors/,"['S67','S49']",Rsearch project,,,,X,X,,NO,,,,
T146,Distil,http://www.miso.es/pubs/distil.pdf,['W22'],Rsearch project,,,,X,X,,NO,,,,
T147,Distributed Knight,https://www.researchgate.net/figure/Collaborative-modelling-using-the-Knight-tool_fig3_277286820,['S43'],Rsearch project,,,,X,X,,NO,,,,
T148,DomoSim-TPC,https://www.researchgate.net/publication/227042777_Analysing_and_modelling_user_tasks_in_the_DomoSim-TPC_system_to_adapt_to_mobile_device,['S39'],Rsearch project,,,,X,X,,NO,,,,
T149,DotLRN,https://www.researchgate.net/publication/220369105_From_UML_models_to_automatic_generated_tests_for_the_dotLRN_e-learning_platform,['W20'],Rsearch project,,,,X,X,,NO,,,,
T150,DragonRAD,https://www.cmswire.com/d/dragonrad-p001113,['W42'],Not and MDE,,,,,,,NO,,,,
T151,DrawExpress,https://drawexpress.com/,['S55'],,X,,,,,,NO,,,Not an MDE,
T152,Drool,,['S17'],,,,,,,,NO,,,,
T153,Dropbox,,['S28'],,,,,,,,NO,,,,
T154,E-Prime,,['W50'],,,,,,,,NO,,,,
T155,ECO,,['W78'],,,,,,,,NO,,,,
T156,ECORE,https://www.eclipse.org/ecoretools/,"['S21',W55]",,X,,,,,,NO,,,"It is not an MDE (Model-Driven Engineering) tool in the strict sense, as it does not provide model transformation or code generation capabilities. However, it can be used as part of an MDE workflow, as it provides a way to define models and metamodels that can be used as input for MDE tools that do provide these capabilities.",
T157,EMF,,['W76' 'W5' 'W20' 'W1' 'S16' 'W24' 'W44'],Its a framework,,,,,,,NO,,,,
T158,EMF Code generation,,['W99'],,,,,,,,NO,,,,
T159,EMF Compare,,['S70' 'S46'],,,,,,,,NO,,,,
T160,EMF Refactor,,['S46'],,,,,,,,NO,,,,
T161,EMF Store,,['S50'],,,,,,,,NO,,,,
T162,EMF store,,['S28' 'S21'],,,,,,,,NO,,,,
T163,EMF-Fragments,,['S50'],,,,,,,,NO,,,,
T164,EMFCollab,,['S69' 'S73' 'W51'],,,,,,,,NO,,,,
T165,EMFStore,,['S62' 'S53' 'S69' 'S64'],,,,,,,,NO,,,,
T166,EMFtoCSP,https://github.com/megamart2/tool-emftocsp,['W51' 'S74'],,,,X,,,,NO,,,,
T167,EOL,,['S16'],,,,,,,,NO,,,,
T168,EPF Composer,,['W73'],,,,,,,,NO,,,,
T169,EPSILON,https://www.eclipse.org/epsilon/,"['S32','S16']",,,,,X,X,,NO,,,,
T170,EasyWinWin,https://www.researchgate.net/figure/WinWin-negotiation-model-EasyWinWin-combines-the-WinWin-Spiral-Model-of-Software_fig6_3889425,['S20'],,X,,,X,X,,NO,,,,
T171,Eclipse CDO,https://www.eclipse.org/cdo/documentation/,['S62'],,X,,,,,,NO,,,Meta modelling framework,
T172,Eclipse EMF,https://www.eclipse.org/modeling/emf/,['S1' 'W72'],,X,,,,,,NO,,,Meta modelling framework,
T173,Eclipse GEF,https://www.eclipse.org/gef/gef_mvc/,"['S1','S29' 'S41']",,X,,,,,,NO,,,Meta modelling framework,
T174,Eclipse GMF,https://www.eclipse.org/modeling/gmp/,"['W65' 'S33' 'W65','S50' 'S41' 'S54' 'W90' 'W20' 'S41']",,X,,,,,,NO,,,Meta modelling framework,
T175,Eclipse MDT,https://www.eclipse.org/modeling/mdt/,['S46'],,X,,,,,,NO,,,,
T176,Eclipse RAP,https://www.eclipse.org/rap/,['S50'],,X,,,,,,NO,,,,
T177,Eclipse Stack,https://www.eclipse.org/rap/,['S63'],,,,,,,,NO,,,,
T178,Egit,https://eclipsesource.com/blogs/tutorials/egit-tutorial/,['S70'],Not an MDE,X,,,,,,NO,,,Not an MDE,
T179,Electronic cocktail Napkin,https://www.sciencedirect.com/science/article/abs/pii/0142694X9500006D,['S67' 'S2'],,X,,,,,,NO,,,,
T180,Eli,https://www.ellie.ai/,['W18'],Not an MDE,X,X,X,,,,NO,,,,
T181,Enterprise Architect,https://www.sparxsystems.eu/,['S42'],,X,,,,,,NO,,,,
T182,Escalante,https://journals.plos.org/plosone/article?id=10.1371/journal.pone.0239424,['S41'],,,,,X,X,,NO,,,,
T183,Etherpad,https://etherpad.org/,['S69'],,X,X,,,,,NO,,,Not an MDE and Online editor,
T184,Eugenia,https://www.eclipse.org/epsilon/doc/eugenia/,['S50'],,,,,X,X,,NO,,,,
T185,ExpertCoder,https://expertcoder.sourceforge.net/en/index.html,['W49'],,,,,,,,NO,,,,
T186,Expyriment,https://docs.expyriment.org/expyriment.html,['W50'],,,,,,,,NO,,,,
T187,Extreme Programming,https://en.wikipedia.org/wiki/Extreme_programming,['S43'],,,,,,,,NO,,,,
T188,FASTDash,https://fastdash.app/,['S17'],,,,,,,,NO,,,,
T189,FLAME,https://jcheminf.biomedcentral.com/articles/10.1186/s13321-021-00509-z,['S47' 'S76'],,,,,X,X,,NO,,,,
T190,FLECSE,,"['S34',S27]",,,,,,,,NO,,,,
T191,FMC-Petri nets,https://www.researchgate.net/figure/Petri-Net-representation-of-FMC-in-Figure-1_fig3_280051613,['S30'],,,,,X,X,,NO,,,,
T192,Firebase,,['S28'],,,,,,,,NO,,,,
T193,Firepad,https://github.com/FirebaseExtended/firepad,['S69'],Text editor,X,,X,,,,NO,,,,
T194,FlexiLab,https://www.researchgate.net/figure/Overview-of-FlexiLab_fig1_281345014,['S59'],Research Project,,,,X,X,,NO,,,,
T195,FlexiSketch TEAM,https://www.researchgate.net/publication/308815058_Flexisketch_team_Collaborative_Sketching_and_Notation_Creation_on_the_Fly,"['S75','S55' 'S2' 'S67' 'S60']",Research Project,,,,X,X,,NO,,,,
T196,Flexitools,https://flextools.cc/,['S54'],Nt an MDE,,,,,,,NO,,,,
T197,Franco,https://www.researchgate.net/figure/The-facilitated-modeling-process-Source-Based-on-Franco-and-Montibeller-7_fig2_261834313,['S61'],,,,,X,X,,NO,,,,
T198,GALAXY ANR,https://galaxyproject.org/,['S56'],Not an MDE,,,,,,,NO,,,,
T199,GEMNOC Studio,,"['S66','W43']",,,,,X,X,,NO,,,,
T200,GEMSjax,,['S64' 'S11' 'W33'],,,,,X,X,,NO,,,,
T201,GITHUB SEARCH,,['W12' 'W10'],,,,,,,,NO,,,,
T202,WEBGME,https://webgme.org/,['S76' 'S16' 'S17' 'W55' 'W77' 'S47'],,,,,,,,YES,,,,
T203,GROMACS,,['S68'],,,,,,,,NO,,,,
T204,Gallardo,,['S51'],,,,,,,,NO,,,,
T205,Gambit,,['S52'],,,,,,,,NO,,,,
T206,Gem-max,,['W18'],,,,,,,,NO,,,,
T207,GenMyModel,https://www.genmymodel.com/,['S7' 'S50' 'S64' 'S71' 'S62' 'W51' 'S69'],,,,,,,,YES,,,,
T208,Git,,['S53' 'S33' 'S64' 'S69'],,,,,,,,NO,,,,
T209,Google Docs,,"['W51' 'S64' 'S69','S50']",,,,,,,,NO,,,,
T210,Google drive,,['S28'],,,,,,,,NO,,,,
T211,Gorilla,,['W50'],,,,,,,,NO,,,,
T212,Grace,,['S34'],,,,,,,,NO,,,,
T213,GrafiXML,http://www.usixml.org/en/downloads.html?IDC=348,['S4'],,,,,,,,NO,,,,
T214,Graphical Modelin,https://www.eclipse.org/modeling/graphical.php,['W90'],,,,,,,,NO,,,,
T215,Graphical(CJML),https://www.researchgate.net/publication/356142742_Designing_a_Modeling_Language_for_Customer_Journeys_Lessons_Learned_from_User_Involvement,['W62'],,,,,X,X,,NO,,,,
T216,Graphiti,https://www.eclipse.org/graphiti/documentation/,['S50'],,,X,X,,,,NO,,,,
T217,GroupCRC,,['S25'],,,,,X,X,,NO,,,,
T218,GroupKit,,['S29'],,,,,X,X,,NO,,,,
T219,GroupUML,,['S27' 'S27'],,,,,,,,NO,,,,
T220,Gummy,,['S19'],,,,,,,,NO,,,,
T221,HAMSTERS,,['S59'],,,,,,,,NO,,,,
T222,HERMES,https://modelrecommenders.bitbucket.io/,['S54'],,,,,,,,NO,,,,
T223,HMCS-Collab,https://www.researchgate.net/figure/Architecture-of-HMCS-Collab_fig5_338583591,['S73'],,,,,X,X,,NO,,,,
T224,HooMD Blue,,['S68'],,,,,,,,NO,,,,
T225,HotDoc,,['S41'],,,,,,,,NO,,,,
T226,HyperCode,https://www.researchgate.net/figure/Example-of-the-Users-View-of-hyperCode_fig2_232626275,['S20'],,,,,X,X,,NO,,,,
T227,Hyperwave,,['S45'],,,,,,,,NO,,,,
T228,IBIS,,['S20'],,,,,,,,NO,,,,
T229,IBM Jazz,https://jazz.net/products,['S21'],,,,,,,,NO,,,,
T230,IBM RSA,https://www.ibm.com/docs/en/ftmfm/3.2.5?topic=tutorial-rational-modeling-tools,"['S65','W72']",,,,,,,,NO,,,,
T231,IBM Rational Method Composer,,"['W73','S1' 'S65']",,,,,,,,NO,,,,
T232,IBM Rational XDE,https://www.ibm.com/support/pages/ibm-rational-software-modeler-version-7004,['S20'],,,,,,,,YES,,,,
T233,IBM alphaworks,https://demo.borland.com/testsite/ibm/ibm1.html,['W5'],,,,,,,,NO,,,,
T234,IBM requisitepro,,['S21'],Not an MDE,,,,,,,NO,,,,
T235,IBM: Eclipse Modeling Framework.,https://www.ibm.com/docs/en/rsas/7.5.0?topic=guide-architecture,['W53'],,X,,X,,,,NO,,,,
T236,IBM:rational Rose,https://www.ibm.com/docs/kk/rsar/9.5?topic=migration-rational-rose-model,"['W53','S15']",,,,,,,,NO,,,,
T237,IFML,,['W11'],,,,,X,X,,NO,,,,
T238,IPSEN,https://tools.ipsen.ntua.gr/,['S41'],Not and MDE,,,,X,X,,NO,,,,
T239,Ideament,,['S55'],,,,,,,,NO,,,,
T240,InkKit,https://www.inkitt.com/,['S67'],,,,,,,,NO,,,,
T241,InterPROM,https://apmg-international.com/ato/interprom,['S45'],,,,,,,,NO,,,,
T242,JACK,,['W65' 'W75'],Simulation tool,,,,,,,NO,,,,
T243,JADE,,['W75' 'W65'],Agent modelling,,,,,,,NO,,,,
T244,JAMM,https://jamovi-amm.github.io/,['S29'],,,,,,,,NO,,,,
T245,JAVANA,https://dl.acm.org/doi/10.1145/1167515.1167487,['W16'],,,,,,,,NO,,,,
T246,JCAF middleware,,['W4'],,,,,,,,NO,,,,
T247,JIRA,https://marketplace.atlassian.com/apps/1215543/bpmn-modeler-free?tab=overview&hosting=server,['S54'],BPMN,,X,X,X,,,NO,,,,
T248,JSDT,,['S26'],,,,,,,,NO,,,,
T249,JSMF,,['S67'],,,,,,,,NO,,,,
T250,Jcomposer,,['S41'],,,,,,,,NO,,,,
T251,Jess,,['S17'],,,,,,,,NO,,,,
T252,Jetbrains MPS,,['W55'],,,,,,,,NO,,,,
T253,Jhipster,,['W29'],,,,,,,,NO,,,,
T254,Jinja2,,['W92'],,,,,,,,NO,,,,
T255,Jolie,https://arxiv.org/abs/2104.02458,['W22' 'W29'],,,,,,,,NO,,,,
T256,Justinmind,https://www.justinmind.com/,['S19'],,X,,,,,,NO,,,"It is not an MDE (Model-Driven Engineering) tool in the strict sense, as it does not provide model transformation or code generation capabilities. However, it can be used as part of an MDE workflow, as it allows users to create and edit prototypes and design mockups that can be used as input for MDE tools that do provide these capabilities.",
T257,KOOGE,,['S41'],,,,,X,X,,NO,,,,
T258,Konesa,,['S18' 'S34'],,,,,,,,NO,,,,
T259,LAMMPS,,['S68'],Simulator,,,,,,,NO,,,,
T260,LEMMA,https://localepi.github.io/LEMMA/,['W29'],,,,,,,,NO,,,,
T261,LUA,,['W37'],,,,,,,,NO,,,,
T262,Lab.js,,['W50'],Not and MDE,,,,,,,NO,,,,
T263,LeCS,,['S32'],,,,,,,,NO,,,,
T264,Leonardi,https://marketplace.eclipse.org/content/leonardi-rad-solution-business-apps,['S4'],,,,,,,,NO,,,,
T265,LexWiki,https://www.researchgate.net/figure/The-LexWiki-framework-for-distributed-terminology-authoring_fig1_268271158,['S48'],,,,,,,,NO,,,,
T266,Lexical(thingML),,['W62'],,,,,,,,NO,,,,
T267,Libra-on-Chat,,['S26'],,,,,,,,NO,,,,
T268,LinTra framework,,['S58'],,,,,,,,NO,,,,
T269,Lotus Notes,,['S6'],Note making tool ,,,,,,,NO,,,,
T270,Lucid charts,,"['S55' 'S71' 'S13','S62']",Not an MDE,,X,,X,,,NO,,,"No binaries are available to download, web based",
T271,MADISE,https://www.google.com.tr/url?sa=t&rct=j&q=&esrc=s&source=web&cd=&cad=rja&uact=8&ved=2ahUKEwj8pdXf_eH7AhWviv0HHe8RAhQQFnoECCAQAQ&url=https%3A%2F%2Fwww.researchgate.net%2Ffigure%2FMADISE-DM-Method-Family-DM-Map-The-usage-of-the-DM-Family-is-characterized-by-data_fig2_220921469&usg=AOvVaw2JPChP5R5ty2Ee_Xi0DjjL,['S73'],,,,,X,X,,NO,,,,
T272,MAGMA,https://www.google.com.tr/url?sa=t&rct=j&q=&esrc=s&source=web&cd=&cad=rja&uact=8&ved=2ahUKEwjl343h_eH7AhXJh_0HHa8aARAQFnoECAkQAQ&url=https%3A%2F%2Fctg.cncr.nl%2Fsoftware%2Fmagma&usg=AOvVaw1pE3-1v_PpZDHNGgbiFWBt,['W29'],,,,,X,X,,NO,,,,
T273,MAM-UML,https://www.researchgate.net/publication/4112328_MAM-UML_an_UML_profile_for_the_modeling_of_mobile-agent_applications,['W72'],Research project and not an MDE,,,,,,,NO,,,,
T274,MAQETTA,,['S19'],,,,,,,,NO,,,,
T275,MARIAE,,['S59'],,,,,,,,NO,,,,
T276,MARS,https://www.google.com.tr/url?sa=t&rct=j&q=&esrc=s&source=web&cd=&cad=rja&uact=8&ved=2ahUKEwiHou7m_eH7AhVX9rsIHUU_D10QFnoECAkQAQ&url=https%3A%2F%2Fwww.researchgate.net%2Ffigure%2FMARS-Modeling-Workflow_fig1_304335349&usg=AOvVaw3DxvvsoTWtucOHeFcHu2G7,['S54'],,,,,X,X,,NO,,,,
T277,MARTE,,['W72'],,,,,,,,NO,,,,
T278,MASP,,['S4'],,,,,,,,NO,,,,
T279,MAUI,,['S29'],,,,,,,,NO,,,,
T280,MBUI,,['S19'],,,,,,,,NO,,,,
T281,MDEForge,https://github.com/MDEGroup/MDEForge,"['S51' 'S66' 'W28' 'W51' 'W22' 'W23','S50']",,,,,,,,YES,,,,
T282,MDS,,['W57'],,,,,,,,NO,,,,
T283,MERL,,['S70'],,,,,,,,NO,,,,
T284,MIAStudio,https://marketplace.eclipse.org/content/mia-studio-community-edition,['W53'],,,,,,,,NO,,,,
T285,MIC toolsuite,,['S13'],,,,,,,,NO,,,,
T286,MILOS,,['S41'],,,,,,,,NO,,,,
T287,MMCollab,,['S73'],,X,,,,X,,NO,,,,
T288,MODELPLEX,,['S70'],,,,,,,,NO,,,,
T289,MODELWARE,,['S70'],,,,,,,,NO,,,,
T290,MOF,,['S49' 'W89'],,,,,,,,NO,,,,
T291,MOF2Text,,['W99'],,,,,,,,NO,,,,
T292,MOFLON,,['S46'],,,,,,,,NO,,,,
T293,MOFMeta object facility,,['S40'],,,,,,,,NO,,,,
T294,MOFScript,,['W99' 'S39' 'W2'],,,,,,,,NO,,,,
T295,MONDO,http://www.mondo-project.org/technologies,['S50' 'S71'],,,,,,,,NO,,,,
T296,MOOT,,['S41'],,,,,,,,NO,,,,
T297,MORSE,,['W22'],,,,,,,,NO,,,,
T298,MPS,,['W43'],,,,,,,,NO,,,,
T299,MS DSL,https://www.google.com.tr/url?sa=t&rct=j&q=&esrc=s&source=web&cd=&cad=rja&uact=8&ved=2ahUKEwjTvvaH_uH7AhXU8rsIHYFFAAMQFnoECAsQAQ&url=https%3A%2F%2Fwww.researchgate.net%2Fpublication%2F228794439_Bridging_the_MSDSL_Tools_and_the_Eclipse_Modeling_Framework&usg=AOvVaw3MN5H4dyXj1ZrTEHl6w7xf,['S41'],,,,,,,,NO,,,,
T300,MagicDraw,https://www.magicdraw.com/main.php?ts=news&cmd_show_news=1...new...,"['S1' 'S64' 'S46' 'S38','S34']",,,,,,,,YES,,,,
T301,Maramasketch,,['S67' 'S67'],,,,,X,X,,NO,,,,
T302,Melange,,['W43'],,,,,,,,NO,,,DSL based,
T303,Mendix,,['W78'],,,,,,,,NO,,,,
T304,Mercurial,https://www.mercurial-scm.org/guide,['S53'],,,,,,,,NO,,,Not an MDE,
T305,Meta case,,['S21'],,,,,,,,NO,,,,
T306,Meta-Moose,,['S41'],,,,,,,,NO,,,,
T307,MetaBuilder,,['S67'],,,,,,,,NO,,,,
T308,MetaDone,,['S33'],,,,,X,X,,NO,,,DSL based,
T309,MetaEdit+,https://www.metacase.com/products.html,"['S70' 'W76' 'W31' 'S67' 'S67' 'W65' 'S62' 'W43' 'S63' 'S64' 'W51' 'S71','S50' 'S50' 'S49' 'S12' 'S41' 'S16' 'S33' 'W55']
 'W77']",,,,,,,,YES,,,,
T310,Metacase,,['W77' 'W53'],,,,,,,,NO,,,,
T311,Metamodel,,['W53'],,,,,,,,NO,,,,
T312,MiW,,['S68'],,,,,,,,NO,,,,
T313,Microbuilder,,['W29'],,,,,X,X,,NO,,,,
T314,Microsoft Netmeeting,,['S29'],,,,,,,,NO,,,Simulation tools,
T315,Microsoft Solution Framework,,['W73'],,,,,,,,NO,,,,
T316,Microsoft Visio,,['W84'],,X,,,,,,NO,,,UML creator by MICROSOFT,
T317,Microsoft team foundation Server,,['S21'],,X,,,,,,NO,,,Like Slack,
T318,Mircosoft office 365,,['S28' 'S64'],,,,,,,,NO,,,,
T319,MoDisco,https://projects.eclipse.org/projects/modeling.modisco,['S54'],,,,,,,,NO,,,,
T320,MobDSL,,['W42'],,,,,,,,NO,,,,
T321,MobiCase,,['W44'],,,,,,,,NO,,,,
T322,Mobia Modeler,,['W42'],,,,,,,,NO,,,,
T323,ModelBus,https://www.modelbus.org/en/modelbusoverview.html,"['W22' 'S46' 'S5' 'S46','S74']",,,,,,,,NO,,,,
T324,Modelio Constellation,,['S62'],,,,,,,,NO,,,,
T325,ModelioSoft,https://www.modeliosoft.com/en/resources/diagram-examples/bpmn-diagrams.html?gclid=CjwKCAiAheacBhB8EiwAItVO27lhiSG_FmOgU2t7kspE_LBciMUnOjsljnv7g5CBgXPEtEq2WKnbCBoC3UkQAvD_BwE,['S50' 'S33'],,,X,,,,,NO,,,No binaries available,
T326,Modelling Deltas,,['S69'],,,,,,,,NO,,,,
T327,Modelshare,,['S16'],,,,,,,,NO,,,,
T328,Modelverse,,['S51'],,,,,X,X,,NO,,,,
T329,Modelware,,['S5'],,,,,,,,NO,,,,
T330,Moflon,,['S21'],,,,,X,X,,NO,,,,
T331,MongoEMF,,['S50'],,,,,,,,NO,,,,
T332,MontiCore,https://monticore.github.io/monticore/docs/GettingStarted/,['W43'],Not an MDE,,X,X,,,,NO,,,,
T333,Moodle,,['W20'],,,,,,,,NO,,,,
T334,Morsa,,['S50' 'S62'],,,,,X,X,,NO,,,,
T335,Move,,['S46'],Not an MDE,,,,,,,NO,,,,
T336,Mtext,,['W62'],,,,,,X,,NO,,,,
T337,Muddles,,['S67'],Research Project,,,,X,X,,NO,,,,
T338,Multiview,,['S49'],,,,,X,X,,NO,,,,
T339,NORMIT,,['S32'],,,,,,,,NO,,,,
T340,NOVA workflow workbrench,,['W7'],Web Based,X,X,,,,,NO,,,,
T341,Neo4EMF,https://neoemf.atlanmod.org/,"['S70','S50']",,X,X,,,,,NO,,,,
T342,NetLogo,,['W34'],,,,,,,,NO,,,,
T343,NetMeeting,,['S59' 'S9' 'S60'],,,,,,,,NO,,,,
T344,Netbeans,,['W5'],,X,,X,,,,NO,,,Not an MDE,
T345,Netsketcher,,"['S31','S39']",,,,,X,X,,NO,,,,
T346,NutCASE,,['S41'],,,,,X,X,,NO,,,,
T347,OC Middleware,,['W4'],,,,,,,,NO,,,,
T348,OMG,,"['W42' 'W34' 'W57' 'W53' 'W55' 'W5' 'W52' 'S21' 'S36' 'W63' 'W31' 'W37'
 'W66' 'S40' 'W26' 'W24' 'W9' 'W30' 'W72' 'W11' 'W2' 'W65' 'S56']",,,,,,,,NO,,,,
T349,OMG MOF,,['S35'],,,,,,,,NO,,,,
T350,OMG XML,,['S43'],,,,,,,,NO,,,,
T351,OOWB,,['S27'],,,,,,,,NO,,,,
T352,ORM-ODM,,['W89'],,,,,,,,NO,,,,
T353,Obeo designer team,https://www.obeosoft.com/en/,['W55' 'S50' 'S50' 'S70'],,,,,,,,YES,,,"However, I couldn't find the binary to downloadBut, it can be used as a subscription",
T354,Objecteering Teamwork,,['S8'],,,,,,,,NO,,,,
T355,Odyssey-CCS,,['S42'],,,,,,,,NO,,,,
T356,Odyssey-SCM,,['S42'],,,,,,,,NO,,,,
T357,Odyssey-VCS,,['S38' 'S42' 'S1' 'S34' 'S70'],,,,,,,,NO,,,,
T358,OntoGDSS,,['S73'],,,,,,,,NO,,,,
T359,OntoWiki,,['S48'],,,,,,,,NO,,,,
T360,Open API,,['S55'],,,,,,,,NO,,,,
T361,OpenAIS,,['W72'],,,,,,,,NO,,,,
T362,OpenCert,,['S50'],,,,,,,,NO,,,,
T363,OpenHPI,,['W72'],,,,,X,X,,NO,,,,
T364,OpenMDX,https://github.com/openmdx/openmdx-documentation,['W71'],,,,,,,,NO,,,,
T365,OpenSAF,,['W72'],,,,,,X,,NO,,,,
T366,OpenSesame,,['W50'],,,,,,,,NO,,,,
T367,Overleaf,,['S64'],,X,,,,,,NO,,,,
T368,PACAS,,['S63'],,,,,X,X,,NO,,,,
T369,PCCTS,,['W18'],,,,,X,X,,NO,,,,
T370,PEBL,,['W50'],,,,,,,,NO,,,,
T371,PROGRES,,['S41'],,,,,,,,NO,,,,
T372,Palantı́r,,['S76'],,,,,,,,NO,,,,
T373,Papyrus,https://www.eclipse.org/papyrus/,['S9' 'S50'],,X,,,,,,NO,,,MDE but has no collaborative features,
T374,PapyrusIC,,['W28'],,,X,,,,,NO,,,,
T375,PapyrusRT,,['W28'],Collaboration enables,X,X,,,,,NO,,,,
T376,Petri-Nets,,['S72'],,,,,,,,NO,,,,
T377,Planedit,,['S39'],,,,,,,,NO,,,,
T378,Polarsys chess,,['S50'],,,,,,,,NO,,,,
T379,Poseidon,https://www.volere.org/tools/poseidon-for-uml-community-edition-8-0/,"['S42' 'S34' 'S10' 'S15','S18']",,,X,,,,,NO,,,,
T380,Pounamu,,['S55' 'S41'],,,,,,,,NO,,,,
T381,Prism-MW,,['S47'],,,,,,,,NO,,,,
T382,Protege,,"['S8','S59']",,,,,,,,NO,,,,
T383,PsychoPy,,['W50'],,,,,,,,NO,,,,
T384,PuLSE,,['W90'],,,,,,,,NO,,,,
T385,PyDSLRep,,['W37' 'W39'],,,,,X,X,,NO,,,,
T386,Q++,,['S35'],,,,,,,,NO,,,,
T387,QVT,,['W2'],,,,,,,,NO,,,,
T388,Quill,,['S52' 'S59' 'S19'],,,,,,,,NO,,,,
T389,RAT,,['S20'],,,,,,,,NO,,,,
T390,REA-EO,,['W89'],,,,,X,X,,NO,,,,
T391,REDUCE,,['S34'],,,,,,,,NO,,,,
T392,REQuest,,['S20'],,,,,,,,NO,,,,
T393,RWD-Team,,['W53'],,,,,,,,NO,,,,
T394,Racket,https://www.ibm.com/products/rational-clearcase,['W43'],,X,,,,,,NO,,,,
T395,Rational Clearcase,https://www.ibm.com/products/rational-clearcase,['S42'],,X,,,,,,NO,,,,
T396,ReMoDD,,['W22'],,,,,,,,NO,,,,
T397,RePast,https://repast.github.io/docs.html,['W34'],Not an MDE,,,,,,,NO,,,,
T398,Rhodes,https://www.rhodes.ps/,['W42'],Not an MDE,X,,X,,,,NO,,,,
T399,Rosetta,https://www.rosettacommons.org/support,"['S34' 'S3','S45']",,,,,X,,,NO,,,,
T400,Rouwette,,['S61'],,,,,,,,NO,,,,
T401,RuleML,,['W34'],,,,,,,,NO,,,,
T402,S22 Proposes newarchitecture like git,,[None],,,,,,,,,,,,
T403,SAKAI,https://sakai.unc.edu/welcome/index.html%3Ftools.html,['W20'],,,,,X,,,NO,,,,
T404,SAMURAI,,['W4'],,,,,,,,NO,,,,
T405,SCXML,https://alexzhornyak.github.io/ScxmlEditor-Tutorial/,['S16'],,X,X,,,,,NO,,,,
T406,SEURAT,,['S21'],,,,,,,,NO,,,,
T407,SHERLOCK 2,,['S32'],,,,,,,,NO,,,,
T408,SLIM,,['S48' 'S10' 'S11'],,,,,,,,NO,,Simulation framework by CORNELL,,
T409,SOM IAS,,['S72'],,,,,,,,NO,,,,
T410,SPACE-DESIGN,https://www.spacesapp.io/,['S40' 'S59' 'S71'],,,,,,,,NO,,Structural modelling tool,,
T411,SPEM,,['S56'],,,,,,,,NO,,,,
T412,SPEM4MDE,,['S56'],,,,,,,,NO,,,,
T413,STEVE,,['S34'],,,,,,,,NO,,,,
T414,SUMLOW,,['S67'],,,,,,,,NO,,,,
T415,SUPER,https://supermodel.io/,['S45'],,,,,,,,NO,,,,
T416,SVN,,['S33'],,,,,,,,NO,,,,
T417,SYSIPHUS,,['S20'],,,,,,,,NO,,,,
T418,Safe-commit,,['S76'],,,,,,,,NO,,,,
T419,Same paper W2,,['W8'],,,,,,,,NO,,,,
T420,Scribble,,['S67'],,,,,,,,NO,,,,
T421,Selenium,,['W9'],,,,,,,,NO,,,,
T422,SemVersion,,['S53'],,,,,,,,NO,,,,
T423,SemanticWebAgent,,['W75'],,,,,,,,NO,,,,
T424,SerVCS,https://modeling-languages.com/model-based-tool-for-business-service-design/,['S53'],,X,,,,,,NO,,,,
T425,SparxSystem,https://sparxsystems.com/resources/tutorials/uml/part1.html,['S29'],,,,,,,,YES,,,,
T426,SiDiff,,['S69'],,,,,,,,NO,,,,
T427,Silvera,https://github.com/alensuljkanovic/silvera,['W29'],,,,,,,,NO,,,,
T428,SimJADE,,['W34'],,,,,X,X,,NO,,,,
T429,Sirius,https://www.eclipse.org/sirius/,['W1' 'S50' 'W52' 'W62' 'W55' 'S49' 'S69' 'S55'],,,,,,,,YES,,,,
T430,Sketch for Eclipse,,['S67'],,,,,,,,NO,,,,
T431,SketchExpress,,['S52'],,,,,,,,NO,,,,
T432,SketchREAD,,['S67'],,,,,,,,NO,,,,
T433,Sketchflow,,['S19'],,,,,,,,NO,,,,
T434,Skype,,['S28'],,X,,,,,,NO,,,,
T435,Slack,,['S64' 'S71'],,,,,,,,NO,,,,
T436,SliM,,['W33'],,,,,,,,NO,,,,
T437,Smartdraw,https://smartdraw.zendesk.com/hc/en-us/categories/360003117752-Templates-Documents,['S31'],,X,,,,,,NO,,,,
T438,Smover,,['S53' 'S69'],,,,,,,,NO,,,,
T439,SourceForge,,['S10'],,,,,X,X,,NO,,,,
T440,SpacEclipse,,['S48'],,,,,X,X,,NO,,,,
T441,Splash,,['S28'],,,,,,,,NO,,,,
T442,Spoofax,,['W43'],,,,,,,,NO,,,,
T443,Spray,,['S50'],,,,,,,,NO,,,,
T444,Stakerare,,['S60'],,,,,,,,NO,,,,
T445,Sun Forum,,['S29'],,,,,,,,NO,,,,
T446,Syde,,['S76'],,,,,X,X,,NO,,,,
T447,SyncMeta,https://github.com/rwth-acis/syncmeta,['S49'],,,,,,,,YES,,,Realtime modelling framework,
T448,Syncspace,,['S55'],,,,,,,,NO,,,,
T449,Synergo,https://www.google.com/url?sa=t&rct=j&q=&esrc=s&source=web&cd=&cad=rja&uact=8&ved=2ahUKEwiw7tGel-L7AhU6g_0HHbzcBw0QFnoECBoQAQ&url=https%3A%2F%2Fwww.researchgate.net%2Ffigure%2FSynergo-Analysis-Tools-use-cases-for-teachers-and-researchers_fig2_224638683&usg=AOvVaw0zQ0uV22cdjOYJKXpdr6tP,['S40' 'S39'],,,,,X,X,,NO,,,,
T450,T-Square,,['W7'],,,,,,,,NO,,,,
T451,TCL/TK,http://www.tcl.tk/doc/,"['S41','S43']",,,,,,,,NO,,,,
T452,TOGAF,https://www.togaf-modeling.org/,['W85'],,X,X,,,,,NO,,,", TOGAF (The Open Group Architecture Framework) is not a model-driven engineering (MDE) tool. TOGAF is a framework for enterprise architecture that provides a set of principles, best practices, and standard methods for designing, planning, implementing, and governing the architecture of an enterprise. ",
T453,TOUCHE,,['W86'],,,,,,,,NO,,,,
T454,TWICE,,['S49'],,,,,,,,NO,,,,
T455,Tahuti,,['S67'],,,,,,,,NO,,,,
T456,Tatami,,['S18'],,,,,,,,NO,,,,
T457,TeDUB,,['W33'],,,,,X,X,,NO,,,,
T458,Teamspace,,['S27'],,,,,,,,NO,,,,
T459,Telelogic Tau,https://www.ibm.com/support/pages/ibm-telelogic-tau-42,['W84'],,,,,,,,NO,,,,
T460,Telelogic doors,,['S21'],,,,,,,,NO,,,,
T461,Telex,,['S37'],,,,,X,X,,NO,,,,
T462,Teneo,https://www.teneo.ai/article/build/language-understanding/concepts/linguistic-modeling-language,['S21'],,,X,X,X,,,NO,,,Not collaborative and Not MDE,
T463,TestMEReq,,['S60'],,,,,X,X,,NO,,,,
T464,TextX,https://textx.github.io/textX/3.0/,['W50'],,X,,,,,,NO,,,,
T465,TheArchitect,,['W29'],,,,,,,,NO,,,,
T466,This paper proposes a framework for synchronous and asynchronous concurrent and collaborative modeling.,,['S23'],,,,,,,,NO,,,,
T467,Tiger,,['S49' 'S50' 'S41'],,,,,,,,NO,,,,
T468,TopBriad,,['S8'],,,,,X,X,,NO,,,,
T469,TortoiseSVN’s,,['S70'],,,,,,,,NO,,,SVN,
T470,Touch Core Tool,,['S64'],,,X,X,,,,NO,,,EMF,
T471,Trac,,['S54'],,,,,,,,NO,,,,
T472,UML4SPM,,['W73'],,,,,,,,NO,,,,
T473,UMLDiff,,['S46'],,,,,,,,NO,,,,
T474,UMLtoCSP,,['S74'],,,,,,,,NO,,,,
T475,UNICASE,https://unicase-ls1.github.io/unicase/,['W51'],,X,X,,,,,NO,,,,
T476,UniSer,,['S53'],,,,,,,,NO,,,,
T477,Unicase,,['S21' 'S64' 'S46'],,,,,X,X,,NO,,,,
T478,Unidraw,,['S41'],,,,,X,X,,NO,,,,
T479,UsiComp,,['S4'],,,,,X,X,,NO,,,,
T480,VIATRA,https://www.eclipse.org/viatra/,['S16'],,X,,,,,,NO,,,,
T481,VMTS,http://www.mdetools.com/detail.php?toolId=48,['S16'],,,X,,,,,NO,,,,
T482,VPository,,['S59'],,,,,,,,NO,,,,
T483,Vennix,,['S61'],,,,,X,X,,NO,,,,
T484,VirtualEMF,,['S50'],,,,,X,X,,NO,,,,
T485,Visio,,['S39' 'S19'],,,,,,,,NO,,,,
T486,Vispro,,['S41'],,,,,,,,NO,,,,
T487,Visual Paradigm,https://www.visual-paradigm.com/tutorials/,['S64' 'S64' 'S19'],,,,,,,,YES,,,EMF based but not collaborative,
T488,WEKMU,,['S15'],,,,,,,,NO,,,,
T489,WETAS,,['S32' 'S40'],,,,,,,,NO,,,,
T490,WeCode,,['S76'],,,,,,,,NO,,,,
T491,Web modelling framework,,['S50'],,,,,,,,NO,,,,
T492,Web-Casre,https://creately.com/diagram-type/use-case/,['S41'],,,,,,,,NO,,,New name Creately,
T493,WebEx,,['S10'],,X,,,,,,NO,,,,
T494,WebGME,https://webgme.readthedocs.io/en/latest/,"['S50' 'S51' 'W51' 'W64' 'S50' 'S68' 'S13' 'S66','S64']",,X,X,X,,,,NO,,,,
T495,WebRatio,,"['S4' 'W11','S14']",,,,,,,,NO,,,,
T496,WfMC,,['S31'],,,,,X,X,,NO,,,,
T497,X-Chips,,['S40'],,,,,,,,NO,,,,
T498,XACTIUM,,['W83'],,,,,,,,NO,,,,
T499,XAIText,,['W92'],,,,,,,,NO,,,,
T500,XMF,,['W83'],,,,,,,,NO,,,,
T501,XMI,https://www.visual-paradigm.com/VPGallery/import/XMI.html,['S42' 'S38'],Based on IBM rational rose,,,,,,,NO,,,,
T502,XTEAM,,['S76' 'S47'],,,,,X,X,,NO,,,,
T503,Xpand,http://www.mdetools.com/detail.php?toolId=59,['W99' 'W75'],,,,,,,,NO,,,,
T504,Xplain,,['S4'],,,,,,,,NO,,,,
T505,Xtext,https://www.eclipse.org/Xtext/documentation/308_emf_integration.html,['S73' 'S16' 'W75' 'W43' 'W7' 'W28' 'W52' 'W50' 'W37' 'W39' 'S54' 'W55'],,X,,,,,,NO,NO,Xtext with EMF,,
T506,Yammer,,['S71'],,,,,,,,NO,,Like Slack,,
T507,Zachmann framework,,['S49'],,,,,,,,NO,,,,
T508,iRM,,['S46'],,,,,,,,NO,,Not an MDE,,
T509,jsPsych,,['W50'],,,,,,,,NO,,Not and MDE,,
T510,mBuild,,['S68'],,,,,,,,NO,,,,
T511,metaCASE,,"['S12','S33','S55']",,,,,X,X,,NO,,,,
T512,microTool,,['S46'],,,,,,,,NO,,,,
T513,rtUML,,['W28'],,,,,,,,NO,,,,
T514,togetherJ,,['S20'],,,,,,,,NO,,,,
T515,vehicleFORGE,,['S50'],,,,,,,,NO,,,,
T516,xoProcessWiki,,['S6'],,,,,X,X,,NO,,,,